"CHUNK 0,0"
52,52,52,52,52,52,52,52,52,52,52,52,52,52,52,52
52,52,52,52,52,52,52,52,52,52,52,52,52,52,52,52
52,52,52,52,52,53,53,53,53,53,53,53,53,53,53,53
52,52,52,52,52,53,53,53,53,53,53,53,53,53,53,53
52,52,52,52,52,53,53,53,53,53,53,53,53,53,53,53
52,52,52,52,52,53,53,53,53,53,53,53,53,53,53,53
52,52,52,52,52,53,53,53,53,53,53,53,53,53,53,53
52,52,52,52,52,53,53,53,53,53,53,53,53,53,53,53
52,52,52,52,52,53,53,53,53,53,53,53,53,53,53,53
52,52,52,52,52,53,53,53,53,53,53,53,53,53,53,53
52,52,52,52,52,53,53,53,53,53,53,53,53,53,53,53
52,52,52,52,52,53,53,53,53,53,53,53,53,53,53,53
52,52,52,52,52,53,53,53,53,53,53,53,53,53,53,53
52,52,52,52,52,53,53,53,53,53,53,53,53,53,53,53
52,52,52,52,52,53,53,53,53,53,53,53,53,53,53,53
52,52,52,52,52,53,53,53,53,53,53,53,53,53,53,53

"CHUNK 256,0"
52,52,52,52,52,52,52,52,52,52,52,52,52,52,52,52
52,52,52,52,52,52,52,52,52,52,52,52,52,52,52,52
53,53,52,52,52,52,52,52,52,52,52,52,52,52,52,52
53,53,52,52,52,52,52,52,52,52,52,52,52,52,52,53
53,53,52,52,52,52,52,52,52,52,52,52,52,52,52,53
53,53,52,52,52,52,52,52,52,52,52,52,52,52,52,53
53,53,52,52,52,52,52,52,52,52,52,52,52,52,52,53
53,53,52,52,52,52,52,52,52,52,52,52,52,52,52,53
53,53,52,52,52,52,52,52,52,52,52,52,52,52,52,53
53,53,52,52,52,52,52,52,52,52,52,52,52,52,52,53
53,53,52,52,52,52,52,52,52,52,52,52,52,52,52,53
53,53,52,52,52,52,52,52,52,52,52,52,52,52,52,53
53,53,52,52,52,52,52,52,52,52,52,52,52,52,52,53
53,53,52,52,52,52,52,52,52,52,52,52,52,52,52,53
53,53,52,52,52,52,52,52,52,52,52,52,52,52,52,53
53,53,52,52,52,52,52,52,52,52,52,52,52,52,52,53

"CHUNK 512,0"
52,52,52,52,52,52,52,52,52,52,52,52,52,52,52,52
52,52,52,52,52,52,52,52,52,52,52,52,52,52,52,52
52,52,52,52,52,52,52,52,52,52,52,52,52,52,52,52
53,53,53,53,53,53,53,53,53,53,53,53,52,52,52,52
53,53,53,53,53,53,53,53,53,53,53,53,52,52,52,52
53,53,53,53,53,53,53,53,53,53,53,53,52,52,52,52
53,53,53,53,53,53,53,53,53,53,53,53,52,52,52,52
53,53,53,53,53,53,53,53,53,53,53,53,52,52,52,52
53,53,53,53,53,53,53,53,53,53,53,53,52,52,52,52
53,53,53,53,53,53,53,53,53,53,53,53,52,52,52,52
53,53,53,53,53,53,53,53,53,53,53,53,52,52,52,52
53,53,53,53,53,53,53,53,53,53,53,53,52,52,52,52
53,53,53,53,53,53,53,53,53,53,53,53,52,52,52,52
53,53,53,53,53,53,53,53,53,53,53,53,52,52,52,52
53,53,53,53,53,53,53,53,53,53,53,53,52,52,52,52
53,53,53,53,53,53,53,53,53,53,53,53,52,52,52,52

"CHUNK 768,0"
52,52,52,52,52,52,52,52,52,52,52,52,52,52,52,52
52,52,52,52,52,52,52,52,52,52,52,52,52,52,52,52
52,52,52,52,52,52,52,52,52,52,52,52,52,52,52,52
52,52,52,52,52,52,52,52,52,52,52,52,52,52,52,52
52,52,52,52,52,52,52,52,52,52,52,52,52,52,52,52
52,52,52,52,52,52,52,52,52,53,53,53,53,53,53,53
52,52,52,52,52,52,52,52,52,53,53,53,53,53,53,53
52,52,52,52,52,52,52,52,52,53,53,53,53,53,53,53
52,52,52,52,52,52,52,52,52,53,53,53,53,53,53,53
52,52,52,52,52,52,52,52,52,53,53,53,53,53,53,53
52,52,52,52,52,52,52,52,52,53,53,53,53,53,53,53
52,52,52,52,52,52,52,52,52,53,53,53,53,53,53,53
52,52,52,52,52,52,52,52,52,53,53,53,53,53,53,53
52,52,52,52,52,52,52,52,52,53,53,53,53,53,53,53
52,52,52,52,52,52,52,52,52,53,53,53,53,53,53,53
52,52,52,52,52,52,52,52,52,53,53,53,53,53,53,53

"CHUNK 1024,0"
52,52,52,52,52,52,52,52,52,52,52,52,52,52,52,52
52,52,52,52,52,52,52,52,52,52,52,52,52,52,52,52
52,52,52,52,52,52,52,52,52,52,52,52,52,52,52,52
52,52,52,52,52,52,52,52,52,52,52,52,52,52,52,52
52,52,52,52,52,52,52,52,52,52,52,52,52,52,52,52
53,53,53,53,53,53,53,53,53,53,52,52,52,52,52,52
53,53,53,53,53,53,53,53,53,53,52,52,52,52,52,52
53,53,53,53,53,53,53,53,53,53,52,52,52,52,52,52
53,53,53,53,53,53,53,53,53,53,52,52,52,52,52,52
53,53,53,53,53,53,53,53,53,53,52,52,52,52,52,52
53,53,53,53,53,53,53,53,53,53,52,52,52,52,52,52
53,53,53,53,53,53,53,53,53,53,52,52,52,52,52,52
53,53,53,53,53,53,53,53,53,53,52,52,52,52,52,52
53,53,53,53,53,53,53,53,53,53,52,52,52,52,52,52
53,53,53,53,53,53,53,53,53,53,52,52,52,52,52,52
53,53,53,53,53,53,53,53,53,53,52,52,52,52,52,52

"CHUNK 1280,0"
52,52,52,52,52,52,52,52,52,52,52,52,52,52,52,52
52,52,52,52,52,52,52,52,52,52,52,52,52,52,52,52
52,52,52,52,52,52,52,52,52,52,52,52,52,52,52,52
52,52,52,52,52,52,52,52,52,52,52,52,52,52,52,52
52,52,52,52,52,52,52,52,52,52,52,52,52,52,52,52
52,52,52,52,52,52,52,52,52,52,52,52,52,52,52,52
52,52,52,52,52,52,52,52,52,52,52,53,53,53,53,53
52,52,52,52,52,52,52,52,52,52,52,53,53,53,53,53
52,52,52,52,52,52,52,52,52,52,52,53,53,53,53,53
52,52,52,52,52,52,52,52,52,52,52,53,53,53,53,53
52,52,52,52,52,52,52,52,52,52,52,53,53,53,53,53
52,52,52,52,52,52,52,52,52,52,52,53,53,53,53,53
52,52,52,52,52,52,52,52,52,52,52,53,53,53,53,53
52,52,52,52,52,52,52,52,52,52,52,53,53,53,53,53
52,52,52,52,52,52,52,52,52,52,52,53,53,53,53,53
52,52,52,52,52,52,52,52,52,52,52,53,53,53,53,53

"CHUNK 1536,0"
52,52,52,52,52,52,52,52,52,52,52,52,52,52,52,52
52,52,52,52,52,52,52,52,52,52,52,52,52,52,52,52
52,52,52,52,52,52,52,52,52,52,52,52,52,52,52,52
52,52,52,52,52,52,52,52,52,52,52,52,52,52,52,52
52,52,52,52,52,52,52,52,52,52,52,52,52,52,52,52
52,52,52,52,52,52,52,52,52,52,52,52,52,52,52,52
53,53,53,53,53,53,53,53,53,53,53,53,53,53,53,53
53,53,53,53,53,53,53,53,53,53,53,53,53,53,53,53
53,53,53,53,53,53,53,53,53,53,53,53,53,53,53,53
53,53,53,53,53,53,53,53,53,53,53,53,53,53,53,53
53,53,53,53,53,53,53,53,53,53,53,53,53,53,53,53
53,53,53,53,53,53,53,53,53,53,53,53,53,53,53,53
53,53,53,53,53,53,53,53,53,53,53,53,53,53,53,53
53,53,53,53,53,53,53,53,53,53,53,53,53,53,53,53
53,53,53,53,53,53,53,53,53,53,53,53,53,53,53,53
53,53,53,53,53,53,53,53,53,53,53,53,53,53,53,53

"CHUNK 1792,0"
52,52,52,52,52,52,52,52,52,52,52,52,52,52,52,52
52,52,52,52,52,52,52,52,52,52,52,52,52,52,52,52
52,52,52,52,52,52,52,52,52,52,52,52,52,52,52,52
52,52,52,52,52,52,52,52,52,52,52,52,52,52,52,52
52,52,52,52,52,52,52,52,52,52,52,52,52,52,52,52
52,52,52,52,52,52,52,52,52,52,52,52,52,52,52,52
53,53,53,53,53,52,52,52,52,52,52,52,52,52,52,52
53,53,53,53,53,52,52,52,52,52,52,52,52,52,52,52
53,53,53,53,53,52,52,52,52,52,52,52,52,52,52,52
53,53,53,53,53,52,52,52,52,52,52,52,52,52,52,52
53,53,53,53,53,52,52,52,52,52,52,52,52,52,52,52
53,53,53,53,53,52,52,52,52,52,52,52,52,52,52,52
53,53,53,53,53,52,52,52,52,52,52,52,52,52,52,52
53,53,53,53,53,52,52,52,52,52,52,52,52,52,52,52
53,53,53,53,53,52,52,52,52,52,52,52,52,52,52,52
53,53,53,53,53,52,52,52,52,52,52,52,52,52,52,52

"CHUNK 2048,0"
52,52,52,52,52,52,52,52,52,52,52,52,52,52,52,52
52,52,52,52,52,52,52,52,52,52,52,52,52,52,52,52
52,52,52,52,52,52,52,52,52,52,52,52,52,52,52,52
52,52,52,52,52,52,52,52,52,52,52,52,52,52,52,52
52,52,52,52,52,52,52,52,52,52,52,52,52,52,52,52
52,52,52,52,52,52,52,52,52,52,52,52,52,52,52,52
52,52,52,52,52,52,52,52,52,52,52,52,52,52,52,52
52,52,52,52,52,52,52,52,52,52,52,52,52,52,52,52
53,53,53,53,53,53,53,53,53,53,53,53,53,53,53,53
53,53,53,53,53,53,53,53,53,53,53,53,53,53,53,53
53,53,53,53,53,53,53,53,53,53,53,53,53,53,53,53
53,53,53,53,53,53,53,53,53,53,53,53,53,53,53,53
53,53,53,53,53,53,53,53,53,53,53,53,53,53,53,53
53,53,53,53,53,53,53,53,53,53,53,53,53,53,53,53
53,53,53,53,53,53,53,53,53,53,53,53,53,53,53,53
53,53,53,53,53,53,53,53,53,53,53,53,53,53,53,53

"CHUNK 2304,0"
52,52,52,52,52,52,52,52,52,52,52,52,52,52,52,52
52,52,52,52,52,52,52,52,52,52,52,52,52,52,52,52
52,52,52,52,52,52,52,52,52,52,52,52,52,52,52,52
52,52,52,52,52,52,52,52,52,52,52,52,52,52,52,52
52,52,52,52,52,52,52,52,52,52,52,52,52,52,52,52
52,52,52,52,52,52,52,52,52,52,52,52,52,52,52,52
52,52,52,52,52,52,52,52,52,52,52,52,52,52,52,52
52,52,52,52,52,52,52,52,52,52,52,52,52,52,52,52
53,53,53,53,53,53,53,53,53,53,53,53,53,53,53,52
53,53,53,53,53,53,53,53,53,53,53,53,53,53,53,52
53,53,53,53,53,53,53,53,53,53,53,53,53,53,53,52
53,53,53,53,53,53,53,53,53,53,53,53,53,53,53,52
53,53,53,53,53,53,53,53,53,53,53,53,53,53,53,52
53,53,53,53,53,53,53,53,53,53,53,53,53,53,53,52
53,53,53,53,53,53,53,53,53,53,53,53,53,53,53,52
53,53,53,53,53,53,53,53,53,53,53,53,53,53,53,52

"CHUNK 2560,0"
52,52,52,52,52,52,52,52,52,52,52,52,52,52,52,52
52,52,52,52,52,52,52,52,52,52,52,52,52,52,52,52
52,52,52,52,52,52,52,52,52,52,52,52,52,52,52,52
52,52,52,52,52,52,52,52,52,52,52,52,52,52,52,52
52,52,52,52,52,52,52,52,52,52,52,52,52,52,52,52
52,52,52,52,52,52,52,52,52,52,52,52,52,52,52,52
52,52,52,52,52,52,52,52,52,52,52,52,52,52,52,52
52,52,52,52,52,52,52,52,52,52,52,52,52,52,52,52
52,52,52,52,52,52,52,52,52,52,52,52,52,52,52,52
52,52,52,52,52,52,52,52,52,52,52,52,52,52,52,52
52,52,52,52,52,52,52,52,52,52,52,52,52,52,52,52
52,52,52,52,52,52,52,52,52,52,52,52,52,52,52,52
52,52,52,52,52,52,52,52,52,52,52,52,52,52,52,52
52,52,52,52,52,52,52,52,52,52,52,52,52,52,52,52
52,52,52,52,52,52,52,52,52,52,52,52,52,52,52,52
52,52,52,52,52,52,52,52,52,52,52,52,52,52,52,52

"CHUNK 2816,0"
52,52,52,52,52,52,52,52,52,52,52,52,52,52,52,52
52,52,52,52,52,52,52,52,52,52,52,52,52,52,52,52
52,52,52,52,52,52,52,52,52,52,52,52,52,52,52,52
52,52,52,52,52,52,52,52,52,52,52,52,52,52,52,52
52,52,52,52,52,52,52,52,52,52,52,52,52,52,52,52
52,52,52,52,52,52,52,52,52,52,52,52,52,52,52,52
52,52,52,52,52,52,52,52,52,52,52,52,52,52,52,52
52,52,52,52,52,52,52,52,52,52,52,52,52,52,52,52
52,52,52,52,52,52,52,52,52,52,52,52,52,52,52,52
52,52,52,52,52,52,52,52,52,52,52,52,52,52,52,52
52,52,52,52,52,52,52,52,52,52,52,52,52,52,52,52
52,53,53,53,53,53,53,53,53,53,53,53,53,53,53,53
52,53,53,53,53,53,53,53,53,53,53,53,53,53,53,53
52,53,53,53,53,53,53,53,53,53,53,53,53,53,53,53
52,53,53,53,53,53,53,53,53,53,53,53,53,53,53,53
52,53,53,53,53,53,53,53,53,53,53,53,53,53,53,53

"CHUNK 3072,0"
52,52,52,52,52,52,52,52,52,52,52,52,52,52,52,52
52,52,52,52,52,52,52,52,52,52,52,52,52,52,52,52
52,52,52,52,52,52,52,52,52,52,52,52,52,52,52,52
52,52,52,52,52,52,52,52,52,52,52,52,52,52,52,52
52,52,52,52,52,52,52,52,52,52,52,52,52,52,52,52
52,52,52,52,52,52,52,52,52,52,52,52,52,52,52,52
52,52,52,52,52,52,52,52,52,52,52,52,52,52,52,52
52,52,52,52,52,52,52,52,52,52,52,52,52,52,52,52
52,52,52,52,52,52,52,52,52,52,52,52,52,52,52,52
52,52,52,52,52,52,52,52,52,52,52,52,52,52,52,52
52,52,52,52,52,52,52,52,52,52,52,52,52,52,52,52
53,53,53,53,53,53,53,53,53,53,53,53,53,53,53,53
53,53,53,53,53,53,53,53,53,53,53,53,53,53,53,53
53,53,53,53,53,53,53,53,53,53,53,53,53,53,53,53
53,53,53,53,53,53,53,53,53,53,53,53,53,53,53,53
53,53,53,53,53,53,53,53,53,53,53,53,53,53,53,53

"CHUNK 3328,0"
52,52,52,52,52,52,52,52,52,52,52,52,52,52,52,52
52,52,52,52,52,52,52,52,52,52,52,52,52,52,52,52
52,52,52,52,52,52,52,52,52,52,52,52,52,52,52,52
52,52,52,52,52,52,52,52,52,52,52,52,52,52,52,52
52,52,52,52,52,52,52,52,52,52,52,52,52,52,52,52
52,52,52,52,52,52,52,52,52,52,52,52,52,52,52,52
52,52,52,52,52,52,52,52,52,52,52,52,52,52,52,52
52,52,52,52,52,52,52,52,52,52,52,52,52,52,52,52
52,52,52,52,52,52,52,52,52,52,52,52,52,52,52,52
52,52,52,52,52,52,52,52,52,52,52,52,52,52,52,52
52,52,52,52,52,52,52,52,52,52,52,52,52,52,52,52
53,53,53,53,53,53,53,53,53,53,53,53,53,53,53,53
53,53,53,53,53,53,53,53,53,53,53,53,53,53,53,53
53,53,53,53,53,53,53,53,53,53,53,53,53,53,53,53
53,53,53,53,53,53,53,53,53,53,53,53,53,53,53,53
53,53,53,53,53,53,53,53,53,53,53,53,53,53,53,53

"CHUNK 3584,0"
52,52,52,52,52,52,52,52,52,52,52,52,52,52,52,52
52,52,52,52,52,52,52,52,52,52,52,52,52,52,52,52
52,52,52,52,52,52,52,52,52,52,52,52,52,52,52,52
52,52,52,52,52,52,52,52,52,52,52,52,52,52,52,52
52,52,52,52,52,52,52,52,52,52,52,52,52,52,52,52
52,52,52,52,52,52,52,52,52,52,52,52,52,52,52,52
52,52,52,52,52,52,52,52,52,52,52,52,52,52,52,52
52,52,52,52,52,52,52,52,52,52,52,52,52,52,52,52
52,52,52,52,52,52,52,52,52,52,52,52,52,52,52,52
52,52,52,52,52,52,52,52,52,52,52,52,52,52,52,52
52,52,52,52,52,52,52,52,52,52,52,52,52,52,52,52
53,53,53,53,53,53,53,52,52,52,52,52,52,52,52,52
53,53,53,53,53,53,53,52,52,52,52,52,52,52,52,52
53,53,53,53,53,53,53,52,52,52,52,52,52,52,52,52
53,53,53,53,53,53,53,52,52,52,52,52,52,52,52,52
53,53,53,53,53,53,53,52,52,52,52,52,52,52,52,52

"CHUNK 3840,0"
52,52,52,52,52,52,52,52,52,52,52,52,52,52,52,52
52,52,52,52,52,52,52,52,52,52,52,52,52,52,52,52
52,52,52,52,52,52,52,52,52,52,52,52,52,52,52,52
52,52,52,52,52,52,52,52,52,52,52,52,52,52,52,52
52,52,52,52,52,52,52,52,52,52,52,52,52,52,52,52
52,52,52,52,52,52,52,52,52,52,52,52,52,52,52,52
52,52,52,52,52,52,52,52,52,52,52,52,52,52,52,52
52,52,52,52,52,52,52,52,52,52,52,52,52,52,52,52
52,52,52,52,52,52,52,52,52,52,52,52,52,52,52,52
52,52,52,52,52,52,52,52,52,52,52,52,52,52,52,52
52,52,52,52,52,52,52,52,52,52,52,52,52,52,52,52
52,52,52,52,52,52,52,52,52,52,52,52,52,52,52,52
52,52,52,52,52,52,52,52,52,52,52,52,52,52,52,52
52,52,52,52,52,52,52,52,52,52,52,52,52,52,52,52
52,52,52,52,52,52,52,52,52,52,52,52,52,52,52,52
52,52,52,52,52,52,52,52,52,52,52,52,52,52,52,52

"CHUNK 4096,0"
52,52,52,52,52,52,52,52,52,52,52,52,52,52,52,52
52,52,52,52,52,52,52,52,52,52,52,52,52,52,52,52
52,52,52,52,52,52,52,52,52,52,52,52,52,52,52,52
52,52,52,52,52,52,52,52,52,52,52,52,52,52,52,52
52,52,52,52,52,52,52,52,52,52,52,52,52,52,52,52
52,52,52,52,52,52,52,52,52,52,52,52,52,52,52,52
52,52,52,52,52,52,52,52,52,52,52,52,52,52,52,52
52,52,52,52,52,52,52,52,52,52,52,52,52,52,52,52
52,52,52,52,52,52,52,52,52,52,52,52,52,52,52,52
52,52,52,52,52,52,52,52,52,52,52,52,52,52,52,52
52,52,52,52,52,52,52,52,52,52,52,52,52,52,52,52
52,52,52,52,52,52,52,52,52,52,52,52,52,52,52,52
52,52,52,52,52,52,52,52,52,52,52,52,52,52,52,52
52,52,52,52,52,52,52,52,52,52,52,52,52,52,52,52
52,52,52,52,52,52,52,52,52,52,52,52,52,52,52,52
52,52,52,52,52,52,52,52,52,52,52,52,52,52,52,52

"CHUNK 4352,0"
52,52,52,52,52,52,52,52,52,52,52,52,52,52,52,52
52,52,52,52,52,52,52,52,52,52,52,52,52,52,52,52
52,52,52,52,52,52,52,52,52,52,52,52,52,52,52,52
52,52,52,52,52,52,52,52,52,52,52,52,52,52,52,52
52,52,52,52,52,52,52,52,52,52,52,52,52,52,52,52
52,52,52,52,52,52,52,52,52,52,52,52,52,52,52,52
52,52,52,52,52,52,52,52,52,52,52,52,52,52,52,52
52,52,52,52,52,52,52,52,52,52,52,52,52,52,52,52
52,52,52,52,52,52,52,52,52,52,52,52,52,52,52,52
52,52,52,52,52,52,52,52,52,52,52,52,52,52,52,52
52,52,52,52,52,52,52,52,52,52,52,52,52,52,52,52
52,52,52,52,52,52,52,52,52,52,52,52,52,52,52,52
52,52,52,52,52,52,52,52,52,52,52,52,52,52,52,52
52,52,52,52,52,52,52,52,52,52,52,52,52,52,52,52
52,52,52,52,52,52,52,52,52,52,52,52,52,52,52,52
52,52,52,52,52,52,52,52,52,52,52,52,52,52,52,52

"CHUNK 4608,0"
52,52,52,52,52,52,52,52,52,52,52,52,52,52,52,52
52,52,52,52,52,52,52,52,52,52,52,52,52,52,52,52
52,52,52,52,52,52,52,52,52,52,52,52,52,52,52,52
52,52,52,52,52,52,52,52,52,52,52,52,52,52,52,52
52,52,52,52,52,52,52,52,52,52,52,52,52,52,52,52
52,52,52,52,52,52,52,52,52,52,52,52,52,52,52,52
52,52,52,52,52,52,52,52,52,52,52,52,52,52,52,52
52,52,52,52,52,52,52,52,52,52,52,52,52,52,52,52
52,52,52,52,52,52,52,52,52,52,52,52,52,52,52,52
52,52,52,52,52,52,52,52,52,52,52,52,52,52,52,52
52,52,52,52,52,52,52,52,52,52,52,52,52,52,52,52
52,52,52,52,52,52,52,52,52,52,52,52,52,52,52,52
52,52,52,52,52,52,52,52,52,52,52,52,52,52,52,52
52,52,52,52,52,52,52,52,52,52,52,52,52,52,52,52
52,52,52,52,52,52,52,52,52,52,52,52,52,52,52,52
52,52,52,52,52,52,52,52,52,52,52,52,52,52,52,52

"CHUNK 4864,0"
52,52,52,52,52,52,52,52,52,52,52,52,52,52,52,52
52,52,52,52,52,52,52,52,52,52,52,52,52,52,52,52
52,52,52,52,52,52,52,52,52,52,52,52,52,52,52,52
52,52,52,52,52,52,52,52,52,52,52,52,52,52,52,52
52,52,52,52,52,52,52,52,52,52,52,52,52,52,52,52
52,52,52,52,52,52,52,52,52,52,52,52,52,52,52,52
52,52,52,52,52,52,52,52,52,52,52,52,52,52,52,52
52,52,52,52,52,52,52,52,52,52,52,52,52,52,52,52
52,52,52,52,52,52,52,52,52,52,52,52,52,52,52,52
52,52,52,52,52,52,52,52,52,52,52,52,52,52,52,52
52,52,52,52,52,52,52,52,52,52,52,52,52,52,52,52
52,52,52,52,52,52,52,52,52,52,52,52,52,52,52,52
52,52,52,52,52,52,52,52,52,52,52,52,52,52,52,52
52,52,52,52,52,52,52,52,52,52,52,52,52,52,52,52
52,52,52,52,52,52,52,52,52,52,52,52,52,52,52,52
52,52,52,52,52,52,52,52,52,52,52,52,52,52,52,52

"CHUNK 0,256"
52,52,52,52,52,53,53,53,53,53,53,53,53,53,53,53
52,52,52,52,52,53,53,53,53,53,53,53,53,53,53,53
52,52,52,52,52,53,53,53,53,53,53,53,53,53,53,53
52,52,52,52,52,53,53,53,53,53,53,53,53,53,53,53
52,52,52,52,52,53,53,53,53,53,53,53,53,53,53,53
52,52,52,52,52,53,53,53,53,53,53,53,53,53,53,53
52,52,52,52,52,53,53,53,53,53,53,53,53,53,53,53
52,52,52,52,52,53,53,53,53,53,53,53,53,53,53,53
52,52,52,52,52,53,53,53,53,53,53,53,53,53,53,53
52,52,52,52,52,53,53,53,53,53,53,53,53,53,53,53
52,52,52,52,52,53,53,53,53,53,53,53,53,53,53,53
52,52,52,52,52,53,53,53,53,53,53,53,53,53,53,53
52,52,52,52,52,53,53,53,53,53,53,53,53,53,53,53
52,52,52,52,52,53,53,53,53,53,53,53,53,53,53,53
52,52,52,52,52,53,53,53,53,53,53,53,53,53,53,53
52,52,52,52,52,53,53,53,53,53,53,53,53,53,53,53

"CHUNK 256,256"
53,53,52,52,52,52,52,52,52,52,52,52,52,52,52,53
53,53,52,52,52,52,52,52,52,52,52,52,52,52,52,53
53,53,52,52,52,52,52,52,52,52,52,52,52,52,52,53
53,53,52,52,52,52,52,52,52,52,52,52,52,52,52,53
53,53,52,52,52,52,52,52,52,52,52,52,52,52,52,53
53,53,52,52,52,52,52,52,52,52,52,52,52,52,52,53
53,53,52,52,52,52,52,52,52,52,52,52,52,52,52,53
53,53,52,52,52,52,52,52,52,52,52,52,52,52,52,53
53,53,52,52,52,52,52,52,52,52,52,52,52,52,52,53
53,53,52,52,52,52,52,52,52,52,52,52,52,52,52,53
53,53,52,52,52,52,52,52,52,52,52,52,52,52,52,53
53,53,52,52,52,52,52,52,52,52,52,52,52,52,52,53
53,53,52,52,52,52,52,52,52,52,52,52,52,52,52,53
53,53,52,52,52,52,52,52,52,52,52,52,52,52,52,53
53,53,52,52,52,52,52,52,52,52,52,52,52,52,52,53
53,53,52,52,52,52,52,52,52,52,52,52,52,52,52,53

"CHUNK 512,256"
53,53,53,53,53,53,53,53,53,53,53,53,52,52,52,52
53,53,53,53,53,53,53,53,53,53,53,53,52,52,52,52
53,53,53,53,53,53,53,53,53,53,53,53,52,52,52,52
53,53,53,53,53,53,53,53,53,53,53,53,52,52,52,52
53,53,53,53,53,53,53,53,53,53,53,53,52,52,52,52
53,53,53,53,53,53,53,53,53,53,53,53,52,52,52,52
53,53,53,53,53,53,53,53,53,53,53,53,52,52,52,52
53,53,53,53,53,53,53,53,53,53,53,53,52,52,52,52
53,53,53,53,53,53,53,53,53,53,53,53,52,52,52,52
53,53,53,53,53,53,53,53,53,53,53,53,52,52,52,52
53,53,53,53,53,53,53,53,53,53,53,53,52,52,52,52
53,53,53,53,53,53,53,53,53,53,53,53,52,52,52,52
53,53,53,53,53,53,53,53,53,53,53,53,52,52,52,52
53,53,53,53,53,53,53,53,53,53,53,53,52,52,52,52
53,53,53,53,53,53,53,53,53,53,53,53,52,52,52,52
53,53,53,53,53,53,53,53,53,53,53,53,52,52,52,52

"CHUNK 768,256"
52,52,52,52,52,52,52,52,52,53,53,53,53,53,53,53
52,52,52,52,52,52,52,52,52,53,53,53,53,53,53,53
52,52,52,52,52,52,52,52,52,53,53,53,53,53,53,53
52,52,52,52,52,52,52,52,52,53,53,53,53,53,53,53
52,52,52,52,52,52,52,52,52,53,53,53,53,53,53,53
52,52,52,52,52,52,52,52,52,53,53,53,53,53,53,53
52,52,52,52,52,52,52,52,52,53,53,53,53,53,53,53
52,52,52,52,52,52,52,52,52,53,53,53,53,53,53,53
52,52,52,52,52,52,52,52,52,53,53,53,53,53,53,53
52,52,52,52,52,52,52,52,52,53,53,53,53,53,53,53
52,52,52,52,52,52,52,52,52,53,53,53,53,53,53,53
52,52,52,52,52,52,52,52,52,53,53,53,53,53,53,53
52,52,52,52,52,52,52,52,52,53,53,53,53,53,53,53
52,52,52,52,52,52,52,52,52,53,53,53,53,53,53,53
52,52,52,52,52,52,52,52,52,53,53,53,53,53,53,53
52,52,52,52,52,52,52,52,52,53,53,53,53,53,53,53

"CHUNK 1024,256"
53,53,53,53,53,53,53,53,53,53,52,52,52,52,52,52
53,53,53,53,53,53,53,53,53,53,52,52,52,52,52,52
53,53,53,53,53,53,53,53,53,53,52,52,52,52,52,52
53,53,53,53,53,53,53,53,53,53,52,52,52,52,52,52
53,53,53,53,53,53,53,53,53,53,52,52,52,52,52,52
53,53,53,53,53,53,53,53,53,53,52,52,52,52,52,52
53,53,53,53,53,53,53,53,53,53,52,52,52,52,52,52
53,53,53,53,53,53,53,53,53,53,52,52,52,52,52,52
53,53,53,53,53,53,53,53,53,53,52,52,52,52,52,52
53,53,53,53,53,53,53,53,53,53,52,52,52,52,52,52
53,53,53,53,53,53,53,53,53,53,52,52,52,52,52,52
53,53,53,53,53,53,53,53,53,53,52,52,52,52,52,52
53,53,53,53,53,53,53,53,53,53,52,52,52,52,52,52
53,53,53,53,53,53,53,53,53,53,52,52,52,52,52,52
53,53,53,53,53,53,53,53,53,53,52,52,52,52,52,52
53,53,53,53,53,53,53,53,53,53,52,52,52,52,52,52

"CHUNK 1280,256"
52,52,52,52,52,52,52,52,52,52,52,53,53,53,53,53
52,52,52,52,52,52,52,52,52,52,52,53,53,53,53,53
52,52,52,52,52,52,52,52,52,52,52,53,53,53,53,53
52,52,52,52,52,52,52,52,52,52,52,53,53,53,53,53
52,52,52,52,52,52,52,52,52,52,52,53,53,53,53,53
52,52,52,52,52,52,52,52,52,52,52,53,53,53,53,53
52,52,52,52,52,52,52,52,52,52,52,53,53,53,53,53
52,52,52,52,52,52,52,52,52,52,52,53,53,53,53,53
52,52,52,52,52,52,52,52,52,52,52,53,53,53,53,53
52,52,52,52,52,52,52,52,52,52,52,53,53,53,53,53
52,52,52,52,52,52,52,52,52,52,52,53,53,53,53,53
52,52,52,52,52,52,52,52,52,52,52,53,53,53,53,53
52,52,52,52,52,52,52,52,52,52,52,53,53,53,53,53
52,52,52,52,52,52,52,52,52,52,52,53,53,53,53,53
52,52,52,52,52,52,52,52,52,52,52,53,53,53,53,53
52,52,52,52,52,52,52,52,52,52,52,53,53,53,53,53

"CHUNK 1536,256"
53,53,53,53,53,53,53,53,53,53,53,53,53,53,53,53
53,53,53,53,53,53,53,53,53,53,53,53,53,53,53,53
53,53,53,53,53,53,53,53,53,53,53,53,53,53,53,53
53,53,53,53,53,53,53,53,53,53,53,53,53,53,53,53
53,53,53,53,53,53,53,53,53,53,53,53,53,53,53,53
53,53,53,53,53,53,53,53,53,53,53,53,53,53,53,53
53,53,53,53,53,53,53,53,53,53,53,53,53,53,53,53
53,53,53,53,53,53,53,53,53,53,53,53,53,53,53,53
53,53,53,53,53,53,53,53,53,53,53,53,53,53,53,53
53,53,53,53,53,53,53,53,53,53,53,53,53,53,53,53
53,53,53,53,53,53,53,53,53,53,53,53,53,53,53,53
53,53,53,53,53,53,53,53,53,53,53,53,53,53,53,53
53,53,53,53,53,53,53,53,53,53,53,53,53,53,53,53
53,53,53,53,53,53,53,53,53,53,53,53,53,53,53,53
53,53,53,53,53,53,53,53,53,53,53,53,53,53,53,53
53,53,53,53,53,53,53,53,53,53,53,53,53,53,53,53

"CHUNK 1792,256"
53,53,53,53,53,52,52,52,52,52,52,52,52,52,52,52
53,53,53,53,53,52,52,52,52,52,52,52,52,52,52,52
53,53,53,53,53,52,52,52,52,52,52,52,52,52,52,52
53,53,53,53,53,52,52,52,52,52,52,52,52,52,52,52
53,53,53,53,53,52,52,52,52,52,52,52,52,52,52,52
53,53,53,53,53,52,52,52,52,52,52,52,52,52,52,52
53,53,53,53,53,52,52,52,52,52,52,52,52,52,52,52
53,53,53,53,53,52,52,52,52,52,52,52,52,52,52,52
53,53,53,53,53,52,52,52,52,52,52,52,52,52,52,52
53,53,53,53,53,52,52,52,52,52,52,52,52,52,52,52
53,53,53,53,53,52,52,52,52,52,52,52,52,52,52,52
53,53,53,53,53,52,52,52,52,52,52,52,52,52,52,52
53,53,53,53,53,52,52,52,52,52,52,52,52,52,52,52
53,53,53,53,53,52,52,52,52,52,52,52,52,52,52,52
53,53,53,53,53,52,52,52,52,52,52,52,52,52,52,52
53,53,53,53,53,52,52,52,52,52,52,52,52,52,52,52

"CHUNK 2048,256"
53,53,53,53,53,53,53,53,53,53,53,53,53,53,53,53
53,53,53,53,53,53,53,53,53,53,53,53,53,53,53,53
53,53,53,53,53,53,53,53,53,53,53,53,53,53,53,53
53,53,53,53,53,53,53,53,53,53,53,53,53,53,53,53
53,53,53,53,53,53,53,53,53,53,53,53,53,53,53,53
53,53,53,53,53,53,53,53,53,53,53,53,53,53,53,53
53,53,53,53,53,53,53,53,53,53,53,53,53,53,53,53
53,53,53,53,53,53,53,53,53,53,53,53,53,53,53,53
53,53,53,53,53,53,53,53,53,53,53,53,53,53,53,53
53,53,53,53,53,53,53,53,53,53,53,53,53,53,53,53
53,53,53,53,53,53,53,53,53,53,53,53,53,53,53,53
53,53,53,53,53,53,53,53,53,53,53,53,53,53,53,53
53,53,53,53,53,53,53,53,53,53,53,53,53,53,53,53
53,53,53,53,53,53,53,53,53,53,53,53,53,53,53,53
53,53,53,53,53,53,53,53,53,53,53,53,53,53,53,53
53,53,53,53,53,53,53,53,53,53,53,53,53,53,53,53

"CHUNK 2304,256"
53,53,53,53,53,53,53,53,53,53,53,53,53,53,53,52
53,53,53,53,53,53,53,53,53,53,53,53,53,53,53,52
53,53,53,53,53,53,53,53,53,53,53,53,53,53,53,52
53,53,53,53,53,53,53,53,53,53,53,53,53,53,53,52
53,53,53,53,53,53,53,53,53,53,53,53,53,53,53,52
53,53,53,53,53,53,53,53,53,53,53,53,53,53,53,52
53,53,53,53,53,53,53,53,53,53,53,53,53,53,53,52
53,53,53,53,53,53,53,53,53,53,53,53,53,53,53,52
53,53,53,53,53,53,53,53,53,53,53,53,53,53,53,52
53,53,53,53,53,53,53,53,53,53,53,53,53,53,53,52
53,53,53,53,53,53,53,53,53,53,53,53,53,53,53,52
53,53,53,53,53,53,53,53,53,53,53,53,53,53,53,52
53,53,53,53,53,53,53,53,53,53,53,53,53,53,53,52
53,53,53,53,53,53,53,53,53,53,53,53,53,53,53,52
53,53,53,53,53,53,53,53,53,53,53,53,53,53,53,52
53,53,53,53,53,53,53,53,53,53,53,53,53,53,53,52

"CHUNK 2560,256"
52,52,52,52,52,52,52,52,52,52,52,52,52,52,52,52
52,52,52,52,52,52,52,52,52,52,52,52,52,52,52,52
52,52,52,52,52,52,52,52,52,52,52,52,52,52,52,52
52,52,52,52,52,52,52,52,52,52,52,52,52,52,52,52
52,52,52,52,52,52,52,52,52,52,52,52,52,52,52,52
52,52,52,52,52,52,52,52,52,52,52,52,52,52,52,52
52,52,52,52,52,52,52,52,52,52,52,52,52,52,52,52
52,52,52,52,52,52,52,52,52,52,52,52,52,52,52,52
52,52,52,52,52,52,52,52,52,52,52,52,52,52,52,52
52,52,52,52,52,52,52,52,52,52,52,52,52,52,52,52
52,52,52,52,52,52,52,52,52,52,52,52,52,52,52,52
52,52,52,52,52,52,52,52,52,52,52,52,52,52,52,52
52,52,52,52,52,52,52,52,52,52,52,52,52,52,52,52
52,52,52,52,52,52,52,52,52,52,52,52,52,52,52,52
52,52,52,52,52,52,52,52,52,52,52,52,52,52,52,52
52,52,52,52,52,52,52,52,52,52,52,52,52,52,52,52

"CHUNK 2816,256"
52,53,53,53,53,53,53,53,53,53,53,53,53,53,53,53
52,53,53,53,53,53,53,53,53,53,53,53,53,53,53,53
52,53,53,53,53,53,53,53,53,53,53,53,53,53,53,53
52,53,53,53,53,53,53,53,53,53,53,53,53,53,53,53
52,53,53,53,53,53,53,53,53,53,53,53,53,53,53,53
52,53,53,53,53,53,53,53,53,53,53,53,53,53,53,53
52,53,53,53,53,53,53,53,53,53,53,53,53,53,53,53
52,53,53,53,53,53,53,53,53,53,53,53,53,53,53,53
52,53,53,53,53,53,53,53,53,53,53,53,53,53,53,53
52,53,53,53,53,53,53,53,53,53,53,53,53,53,53,53
52,53,53,53,53,53,53,53,53,53,53,53,53,53,53,53
52,53,53,53,53,53,53,53,53,53,53,53,53,53,53,53
52,53,53,53,53,53,53,53,53,53,53,53,53,53,53,53
52,53,53,53,53,53,53,53,53,53,53,53,53,53,53,53
52,53,53,53,53,53,53,53,53,53,53,53,53,53,53,53
52,53,53,53,53,53,53,53,53,53,53,53,53,53,53,53

"CHUNK 3072,256"
53,53,53,53,53,53,53,53,53,53,53,53,53,53,53,53
53,53,53,53,53,53,53,53,53,53,53,53,53,53,53,53
53,53,53,53,53,53,53,53,53,53,53,53,53,53,53,53
53,53,53,53,53,53,53,53,53,53,53,53,53,53,53,53
53,53,53,53,53,53,53,53,53,53,53,53,53,53,53,53
53,53,53,53,53,53,53,53,53,53,53,53,53,53,53,53
53,53,53,53,53,53,53,53,53,53,53,53,53,53,53,53
53,53,53,53,53,53,53,53,53,53,53,53,53,53,53,53
53,53,53,53,53,53,53,53,53,53,53,53,53,53,53,53
53,53,53,53,53,53,53,53,53,53,53,53,53,53,53,53
53,53,53,53,53,53,53,53,53,53,53,53,53,53,53,53
53,53,53,53,53,53,53,53,53,53,53,53,53,53,53,53
53,53,53,53,53,53,53,53,53,53,53,53,53,53,53,53
53,53,53,53,53,53,53,53,53,53,53,53,53,53,53,53
53,53,53,53,53,53,53,53,53,53,53,53,53,53,53,53
53,53,53,53,53,53,53,53,53,53,53,53,53,53,53,53

"CHUNK 3328,256"
53,53,53,53,53,53,53,53,53,53,53,53,53,53,53,53
53,53,53,53,53,53,53,53,53,53,53,53,53,53,53,53
53,53,53,53,53,53,53,53,53,53,53,53,53,53,53,53
53,53,53,53,53,53,53,53,53,53,53,53,53,53,53,53
53,53,53,53,53,53,53,53,53,53,53,53,53,53,53,53
53,53,53,53,53,53,53,53,53,53,53,53,53,53,53,53
53,53,53,53,53,53,53,53,53,53,53,53,53,53,53,53
53,53,53,53,53,53,53,53,53,53,53,53,53,53,53,53
53,53,53,53,53,53,53,53,53,53,53,53,53,53,53,53
53,53,53,53,53,53,53,53,53,53,53,53,53,53,53,53
53,53,53,53,53,53,53,53,53,53,53,53,53,53,53,53
53,53,53,53,53,53,53,53,53,53,53,53,53,53,53,53
53,53,53,53,53,53,53,53,53,53,53,53,53,53,53,53
53,53,53,53,53,53,53,53,53,53,53,53,53,53,53,53
53,53,53,53,53,53,53,53,53,53,53,53,53,53,53,53
53,53,53,53,53,53,53,53,53,53,53,53,53,53,53,53

"CHUNK 3584,256"
53,53,53,53,53,53,53,52,52,52,52,52,52,52,52,52
53,53,53,53,53,53,53,52,52,52,52,52,52,52,52,52
53,53,53,53,53,53,53,52,52,52,52,52,52,52,52,52
53,53,53,53,53,53,53,52,52,52,52,52,52,52,52,52
53,53,53,53,53,53,53,52,52,52,52,52,52,52,52,52
53,53,53,53,53,53,53,52,52,52,52,52,52,52,52,52
53,53,53,53,53,53,53,52,52,52,52,52,52,52,52,52
53,53,53,53,53,53,53,52,52,52,52,52,52,52,52,52
53,53,53,53,53,53,53,52,52,52,52,52,52,52,52,52
53,53,53,53,53,53,53,52,52,52,52,52,52,52,52,52
53,53,53,53,53,53,53,52,52,52,52,52,52,52,52,52
53,53,53,53,53,53,53,52,52,52,52,52,52,52,52,52
53,53,53,53,53,53,53,52,52,52,52,52,52,52,52,52
53,53,53,53,53,53,53,52,52,52,52,52,52,52,52,52
53,53,53,53,53,53,53,52,52,52,52,52,52,52,52,52
53,53,53,53,53,53,53,52,52,52,52,52,52,52,52,52

"CHUNK 3840,256"
52,52,52,52,52,52,52,52,52,52,52,52,52,52,52,52
52,52,52,52,52,52,52,52,52,52,52,52,52,52,52,52
52,52,52,52,52,52,52,52,52,52,52,52,52,52,52,52
52,52,52,52,52,52,52,52,52,52,52,52,52,52,52,52
52,52,52,52,52,52,52,52,52,52,52,52,52,52,52,52
52,52,52,52,52,52,52,52,52,52,52,52,52,52,52,52
52,52,52,52,52,52,52,52,52,52,52,52,52,52,52,52
52,52,52,52,52,52,52,52,52,52,52,52,52,52,52,52
52,52,52,52,52,52,52,52,52,52,52,52,52,52,52,52
52,52,52,52,52,52,52,52,52,52,52,52,52,52,52,52
52,52,52,52,52,52,52,52,52,52,52,52,52,52,52,52
52,52,52,52,52,52,52,52,52,52,52,52,52,52,52,52
52,52,52,52,52,52,52,52,52,52,52,52,52,52,52,52
52,52,52,52,52,52,52,52,52,52,52,52,52,52,52,52
52,52,52,52,52,52,52,52,52,52,52,52,52,52,52,52
52,52,52,52,52,52,52,52,52,52,52,52,52,52,52,52

"CHUNK 4096,256"
52,52,52,52,52,52,52,52,52,52,52,52,52,52,52,52
52,52,52,52,52,52,52,52,52,52,52,52,52,52,52,52
52,52,52,52,52,52,52,52,52,52,52,52,52,52,52,52
52,52,52,52,52,52,52,52,52,52,52,52,52,52,52,52
52,52,52,52,52,52,52,52,52,52,52,52,52,52,52,52
52,52,52,52,52,52,52,52,52,52,52,52,52,52,52,52
52,52,52,52,52,52,52,52,52,52,52,52,52,52,52,52
52,52,52,52,52,52,52,52,52,52,52,52,52,52,52,52
52,52,52,52,52,52,52,52,52,52,52,52,52,52,52,52
52,52,52,52,52,52,52,52,52,52,52,52,52,52,52,52
52,52,52,52,52,52,52,52,52,52,52,52,52,52,52,52
52,52,52,52,52,52,52,52,52,52,52,52,52,52,52,52
52,52,52,52,52,52,52,52,52,52,52,52,52,52,52,52
52,52,52,52,52,52,52,52,52,52,52,52,52,52,52,52
52,52,52,52,52,52,52,52,52,52,52,52,52,52,52,52
52,52,52,52,52,52,52,52,52,52,52,52,52,52,52,52

"CHUNK 4352,256"
52,52,52,52,52,52,52,52,52,52,52,52,52,52,52,52
52,52,52,52,52,52,52,52,52,52,52,52,52,52,52,52
52,52,52,52,52,52,52,52,52,52,52,52,52,52,52,52
52,52,52,52,52,52,52,52,52,52,52,52,52,52,52,52
52,52,52,52,52,52,52,52,52,52,52,52,52,52,52,52
52,52,52,52,52,52,52,52,52,52,52,52,52,52,52,52
52,52,52,52,52,52,52,52,52,52,52,52,52,52,52,52
52,52,52,52,52,52,52,52,52,52,52,52,52,52,52,52
52,52,52,52,52,52,52,52,52,52,52,52,52,52,52,52
52,52,52,52,52,52,52,52,52,52,52,52,52,52,52,52
52,52,52,52,52,52,52,52,52,52,52,52,52,52,52,52
52,52,52,52,52,52,52,52,52,52,52,52,52,52,52,52
52,52,52,52,52,52,52,52,52,52,52,52,52,52,52,52
52,52,52,52,52,52,52,52,52,52,52,52,52,52,52,52
52,52,52,52,52,52,52,52,52,52,52,52,52,52,52,52
52,52,52,52,52,52,52,52,52,52,52,52,52,52,52,52

"CHUNK 4608,256"
52,52,52,52,52,52,52,52,52,52,52,52,52,52,52,52
52,52,52,52,52,52,52,52,52,52,52,52,52,52,52,52
52,52,52,52,52,52,52,52,52,52,52,52,52,52,52,52
52,52,52,52,52,52,52,52,52,52,52,52,52,52,52,52
52,52,52,52,52,52,52,52,52,52,52,52,52,52,52,52
52,52,52,52,52,52,52,52,52,52,52,52,52,52,52,52
52,52,52,52,52,52,52,52,52,52,52,52,52,52,52,52
52,52,52,52,52,52,52,52,52,52,52,52,52,52,52,52
52,52,52,52,52,52,52,52,52,52,52,52,52,52,52,52
52,52,52,52,52,52,52,52,52,52,52,52,52,52,52,52
52,52,52,52,52,52,52,52,52,52,52,52,52,52,52,52
52,52,52,52,52,52,52,52,52,52,52,52,52,52,52,52
52,52,52,52,52,52,52,52,52,52,52,52,52,52,52,52
52,52,52,52,52,52,52,52,52,52,52,52,52,52,52,52
52,52,52,52,52,52,52,52,52,52,52,52,52,52,52,52
52,52,52,52,52,52,52,52,52,52,52,52,52,52,52,52

"CHUNK 4864,256"
52,52,52,52,52,52,52,52,52,52,52,52,52,52,52,52
52,52,52,52,52,52,52,52,52,52,52,52,52,52,52,52
52,52,52,52,52,52,52,52,52,52,52,52,52,52,52,52
52,52,52,52,52,52,52,52,52,52,52,52,52,52,52,52
52,52,52,52,52,52,52,52,52,52,52,52,52,52,52,52
52,52,52,52,52,52,52,52,52,52,52,52,52,52,52,52
52,52,52,52,52,52,52,52,52,52,52,52,52,52,52,52
52,52,52,52,52,52,52,52,52,52,52,52,52,52,52,52
52,52,52,52,52,52,52,52,52,52,52,52,52,52,52,52
52,52,52,52,52,52,52,52,52,52,52,52,52,52,52,52
52,52,52,52,52,52,52,52,52,52,52,52,52,52,52,52
52,52,52,52,52,52,52,52,52,52,52,52,52,52,52,52
52,52,52,52,52,52,52,52,52,52,52,52,52,52,52,52
52,52,52,52,52,52,52,52,52,52,52,52,52,52,52,52
52,52,52,52,52,52,52,52,52,52,52,52,52,52,52,52
52,52,52,52,52,52,52,52,52,52,52,52,52,52,52,52

"CHUNK 0,512"
52,52,52,52,52,53,53,53,53,53,53,53,53,53,53,53
52,52,52,52,52,53,53,53,53,53,53,53,53,53,53,53
52,52,52,52,52,53,53,53,53,53,53,53,53,53,53,53
52,52,52,52,52,53,53,53,53,53,53,53,53,53,53,53
52,52,52,52,52,53,53,53,53,53,53,53,53,53,53,53
52,52,52,52,52,53,53,53,53,53,53,53,53,53,53,53
52,52,52,52,52,53,53,53,53,53,53,53,53,53,53,53
52,52,52,52,52,53,53,53,53,53,53,53,53,53,53,53
52,52,52,52,52,53,53,53,53,53,53,53,53,53,53,53
52,52,52,52,52,53,53,53,53,53,53,53,53,53,53,53
52,52,52,52,52,53,53,53,53,53,53,53,53,53,53,53
52,52,52,52,52,53,53,53,53,53,53,53,53,53,53,53
52,52,52,52,52,53,53,53,53,53,53,53,53,53,53,53
52,52,52,52,52,53,53,53,53,53,53,53,53,53,53,53
52,52,52,52,52,53,53,53,53,53,53,53,53,53,53,53
52,52,52,52,52,53,53,53,53,53,53,53,53,53,53,53

"CHUNK 256,512"
53,53,52,52,52,52,52,52,52,52,52,52,52,52,52,53
53,53,52,52,52,52,52,52,52,52,52,52,52,52,52,53
53,53,52,52,52,52,52,52,52,52,52,52,52,52,52,53
53,53,52,52,52,52,52,52,52,52,52,52,52,52,52,53
53,53,52,52,52,52,52,52,52,52,52,52,52,52,52,53
53,53,52,52,52,52,52,52,52,52,52,52,52,52,52,53
53,53,52,52,52,52,52,52,52,52,52,52,52,52,52,53
53,53,52,52,52,52,52,52,52,52,52,52,52,52,52,53
53,53,52,52,52,52,52,52,52,52,52,52,52,52,52,53
53,53,52,52,52,52,52,52,52,52,52,52,52,52,52,53
53,53,52,52,52,52,52,52,52,52,52,52,52,52,52,53
53,53,52,52,52,52,52,52,52,52,52,52,52,52,52,53
53,53,52,52,52,52,52,52,52,52,52,52,52,52,52,53
53,53,52,52,52,52,52,52,52,52,52,52,52,52,52,53
53,53,52,52,52,52,52,52,52,52,52,52,52,52,52,53
53,53,52,52,52,52,52,52,52,52,52,52,52,52,52,53

"CHUNK 512,512"
53,53,53,53,53,53,53,53,53,53,53,53,52,52,52,52
53,53,53,53,53,53,53,53,53,53,53,53,52,52,52,52
53,53,53,53,53,53,53,53,53,53,53,53,52,52,52,52
53,53,53,53,53,53,53,53,53,53,53,53,52,52,52,52
53,53,53,53,53,53,53,53,53,53,53,53,52,52,52,52
53,53,53,53,53,53,53,53,53,53,53,53,52,52,52,52
53,53,53,53,53,53,53,53,53,53,53,53,52,52,52,52
53,53,53,53,53,53,53,53,53,53,53,53,52,52,52,52
53,53,53,53,53,53,53,53,53,53,53,53,52,52,52,52
53,53,53,53,53,53,53,53,53,53,53,53,52,52,52,52
53,53,53,53,53,53,53,53,53,53,53,53,52,52,52,52
53,53,53,53,53,53,53,53,53,53,53,53,52,52,52,52
53,53,53,53,53,53,53,53,53,53,53,53,52,52,52,52
53,53,53,53,53,53,53,53,53,53,53,53,52,52,52,52
53,53,53,53,53,53,53,53,53,53,53,53,52,52,52,52
53,53,53,53,53,53,53,53,53,53,53,53,52,52,52,52

"CHUNK 768,512"
52,52,52,52,52,52,52,52,52,53,53,53,53,53,53,53
52,52,52,52,52,52,52,52,52,53,53,53,53,53,53,53
52,52,52,52,52,52,52,52,52,53,53,53,53,53,53,53
52,52,52,52,52,52,52,52,52,53,53,53,53,53,53,53
52,52,52,52,52,52,52,52,52,53,53,53,53,53,53,53
52,52,52,52,52,52,52,52,52,53,53,53,53,53,53,53
52,52,52,52,52,52,52,52,52,53,53,53,53,53,53,53
52,52,52,52,52,52,52,52,52,53,53,53,53,53,53,53
52,52,52,52,52,52,52,52,52,53,53,53,53,53,53,53
52,52,52,52,52,52,52,52,52,53,53,53,53,53,53,53
52,52,52,52,52,52,52,52,52,53,53,53,53,53,53,53
52,52,52,52,52,52,52,52,52,53,53,53,53,53,53,53
52,52,52,52,52,52,52,52,52,53,53,53,53,53,53,53
52,52,52,52,52,52,52,52,52,53,53,53,53,53,53,53
52,52,52,52,52,52,52,52,52,53,53,53,53,53,53,53
52,52,52,52,52,52,52,52,52,53,53,53,53,53,53,53

"CHUNK 1024,512"
53,53,53,53,53,53,53,53,53,53,52,52,52,52,52,52
53,53,53,53,53,53,53,53,53,53,52,52,52,52,52,52
53,53,53,53,53,53,53,53,53,53,52,52,52,52,52,52
53,53,53,53,53,53,53,53,53,53,52,52,52,52,52,52
53,53,53,53,53,53,53,53,53,53,52,52,52,52,52,52
53,53,53,53,53,53,53,53,53,53,52,52,52,52,52,52
53,53,53,53,53,53,53,53,53,53,52,52,52,52,52,52
53,53,53,53,53,53,53,53,53,53,52,52,52,52,52,52
53,53,53,53,53,53,53,53,53,53,52,52,52,52,52,52
53,53,53,53,53,53,53,53,53,53,52,52,52,52,52,52
53,53,53,53,53,53,53,53,53,53,52,52,52,52,52,52
53,53,53,53,53,53,53,53,53,53,52,52,52,52,52,52
53,53,53,53,53,53,53,53,53,53,52,52,52,52,52,52
53,53,53,53,53,53,53,53,53,53,52,52,52,52,52,52
53,53,53,53,53,53,53,53,53,53,52,52,52,52,52,52
53,53,53,53,53,53,53,53,53,53,52,52,52,52,52,52

"CHUNK 1280,512"
52,52,52,52,52,52,52,52,52,52,52,53,53,53,53,53
52,52,52,52,52,52,52,52,52,52,52,53,53,53,53,53
52,52,52,52,52,52,52,52,52,52,52,53,53,53,53,53
52,52,52,52,52,52,52,52,52,52,52,53,53,53,53,53
52,52,52,52,52,52,52,52,52,52,52,53,53,53,53,53
52,52,52,52,52,52,52,52,52,52,52,53,53,53,53,53
52,52,52,52,52,52,52,52,52,52,52,53,53,53,53,53
52,52,52,52,52,52,52,52,52,52,52,53,53,53,53,53
52,52,52,52,52,52,52,52,52,52,52,53,53,53,53,53
52,52,52,52,52,52,52,52,52,52,52,53,53,53,53,53
52,52,52,52,52,52,52,52,52,52,52,53,53,53,53,53
52,52,52,52,52,52,52,52,52,52,52,53,53,53,53,53
52,52,52,52,52,52,52,52,52,52,52,53,53,53,53,53
52,52,52,52,52,52,52,52,52,52,52,53,53,53,53,53
52,52,52,52,52,52,52,52,52,52,52,53,53,53,53,53
52,52,52,52,52,52,52,52,52,52,52,53,53,53,53,53

"CHUNK 1536,512"
53,53,53,53,53,53,53,53,53,53,53,53,53,53,53,53
53,53,53,53,53,53,53,53,53,53,53,53,53,53,53,53
53,53,53,53,53,53,53,53,53,53,53,53,53,53,53,53
53,53,53,53,53,53,53,53,53,53,53,53,53,53,53,53
53,53,53,53,53,53,53,53,53,53,53,53,53,53,53,53
53,53,53,53,53,53,53,53,53,53,53,53,53,53,53,53
53,53,53,53,53,53,53,53,53,53,53,53,53,53,53,53
53,53,53,53,53,53,53,53,53,53,53,53,53,53,53,53
53,53,53,53,53,53,53,53,53,53,53,53,53,53,53,53
53,53,53,53,53,53,53,53,53,53,53,53,53,53,53,53
53,53,53,53,53,53,53,53,53,53,53,53,53,53,53,53
53,53,53,53,53,53,53,53,53,53,53,53,53,53,53,53
53,53,53,53,53,53,53,53,53,53,53,53,53,53,53,53
53,53,53,53,53,53,53,53,53,53,53,53,53,53,53,53
53,53,53,53,53,53,53,53,53,53,53,53,53,53,53,53
53,53,53,53,53,53,53,53,53,53,53,53,53,53,53,53

"CHUNK 1792,512"
53,53,53,53,53,52,52,52,52,52,52,52,52,52,52,52
53,53,53,53,53,52,52,52,52,52,52,52,52,52,52,52
53,53,53,53,53,52,52,52,52,52,52,52,52,52,52,52
53,53,53,53,53,52,52,52,52,52,52,52,52,52,52,52
53,53,53,53,53,52,52,52,52,52,52,52,52,52,52,52
53,53,53,53,53,52,52,52,52,52,52,52,52,52,52,52
53,53,53,53,53,52,52,52,52,52,52,52,52,52,52,52
53,53,53,53,53,52,52,52,52,52,52,52,52,52,52,52
53,53,53,53,53,52,52,52,52,52,52,52,52,52,52,52
53,53,53,53,53,52,52,52,52,52,52,52,52,52,52,52
53,53,53,53,53,52,52,52,52,52,52,52,52,52,52,52
53,53,53,53,53,52,52,52,52,52,52,52,52,52,52,52
53,53,53,53,53,52,52,52,52,52,52,52,52,52,52,52
53,53,53,53,53,52,52,52,52,52,52,52,52,52,52,52
53,53,53,53,53,52,52,52,52,52,52,52,52,52,52,52
53,53,53,53,53,52,52,52,52,52,52,52,52,52,52,52

"CHUNK 2048,512"
53,53,53,53,53,53,53,53,53,53,53,53,53,53,53,53
53,53,53,53,53,53,53,53,53,53,53,53,53,53,53,53
53,53,53,53,53,53,53,53,53,53,53,53,53,53,53,53
53,53,53,53,53,53,53,53,53,53,53,53,53,53,53,53
53,53,53,53,53,53,53,53,53,53,53,53,53,53,53,53
53,53,53,53,53,53,53,53,53,53,53,53,53,53,53,53
53,53,53,53,53,53,53,53,53,53,53,53,53,53,53,53
53,53,53,53,53,53,53,53,53,53,53,53,53,53,53,53
53,53,53,53,53,53,53,53,53,53,53,53,53,53,53,53
53,53,53,53,53,53,53,53,53,53,53,53,53,53,53,53
53,53,53,53,53,53,53,53,53,53,53,53,53,53,53,53
53,53,53,53,53,53,53,53,53,53,53,53,53,53,53,53
53,53,53,53,53,53,53,53,53,53,53,53,53,53,53,53
53,53,53,53,53,53,53,53,53,53,53,53,53,53,53,53
53,53,53,53,53,53,53,53,53,53,53,53,53,53,53,53
53,53,53,53,53,53,53,53,53,53,53,53,53,53,53,53

"CHUNK 2304,512"
53,53,53,53,53,53,53,53,53,53,53,53,53,53,53,52
53,53,53,53,53,53,53,53,53,53,53,53,53,53,53,52
53,53,53,53,53,53,53,53,53,53,53,53,53,53,53,52
53,53,53,53,53,53,53,53,53,53,53,53,53,53,53,52
53,53,53,53,53,53,53,53,53,53,53,53,53,53,53,52
53,53,53,53,53,53,53,53,53,53,53,53,53,53,53,52
53,53,53,53,53,53,53,53,53,53,53,53,53,53,53,52
53,53,53,53,53,53,53,53,53,53,53,53,53,53,53,52
53,53,53,53,53,53,53,53,53,53,53,53,53,53,53,52
53,53,53,53,53,53,53,53,53,53,53,53,53,53,53,52
53,53,53,53,53,53,53,53,53,53,53,53,53,53,53,52
53,53,53,53,53,53,53,53,53,53,53,53,53,53,53,52
53,53,53,53,53,53,53,53,53,53,53,53,53,53,53,52
53,53,53,53,53,53,53,53,53,53,53,53,53,53,53,52
53,53,53,53,53,53,53,53,53,53,53,53,53,53,53,52
53,53,53,53,53,53,53,53,53,53,53,53,53,53,53,52

"CHUNK 2560,512"
52,52,52,52,52,52,52,52,52,52,52,52,52,52,52,52
52,52,52,52,52,52,52,52,52,52,52,52,52,52,52,52
52,52,52,52,52,52,52,52,52,52,52,52,52,52,52,52
52,52,52,52,52,52,52,52,52,52,52,52,52,52,52,52
52,52,52,52,52,52,52,52,52,52,52,52,52,52,52,52
52,52,52,52,52,52,52,52,52,52,52,52,52,52,52,52
52,52,52,52,52,52,52,52,52,52,52,52,52,52,52,52
52,52,52,52,52,52,52,52,52,52,52,52,52,52,52,52
52,52,52,52,52,52,52,52,52,52,52,52,52,52,52,52
52,52,52,52,52,52,52,52,52,52,52,52,52,52,52,52
52,52,52,52,52,52,52,52,52,52,52,52,52,52,52,52
52,52,52,52,52,52,52,52,52,52,52,52,52,52,52,52
52,52,52,52,52,52,52,52,52,52,52,52,52,52,52,52
52,52,52,52,52,52,52,52,52,52,52,52,52,52,52,52
52,52,52,52,52,52,52,52,52,52,52,52,52,52,52,52
52,52,52,52,52,52,52,52,52,52,52,52,52,52,52,52

"CHUNK 2816,512"
52,53,53,53,53,53,53,53,53,53,53,53,53,53,53,53
52,53,53,53,53,53,53,53,53,53,53,53,53,53,53,53
52,53,53,53,53,53,53,53,53,53,53,53,53,53,53,53
52,53,53,53,53,53,53,53,53,53,53,53,53,53,53,53
52,53,53,53,53,53,53,53,53,53,53,53,53,53,53,53
52,53,53,53,53,53,53,53,53,53,53,53,53,53,53,53
52,53,53,53,53,53,53,53,53,53,53,53,53,53,53,53
52,53,53,53,53,53,53,53,53,53,53,53,53,53,53,53
52,53,53,53,53,53,53,53,53,53,53,53,53,53,53,53
52,53,53,53,53,53,53,53,53,53,53,53,53,53,53,53
52,53,53,53,53,53,53,53,53,53,53,53,53,53,53,53
52,53,53,53,53,53,53,53,53,53,53,53,53,53,53,53
52,53,53,53,53,53,53,53,53,53,53,53,53,53,53,53
52,53,53,53,53,53,53,53,53,53,53,53,53,53,53,53
52,53,53,53,53,53,53,53,53,53,53,53,53,53,53,53
52,53,53,53,53,53,53,53,53,53,53,53,53,53,53,53

"CHUNK 3072,512"
53,53,53,53,53,53,53,53,53,53,53,53,53,53,53,53
53,53,53,53,53,53,53,53,53,53,53,53,53,53,53,53
53,53,53,53,53,53,53,53,53,53,53,53,53,53,53,53
53,53,53,53,53,53,53,53,53,53,53,53,53,53,53,53
53,53,53,53,53,53,53,53,53,53,53,53,53,53,53,53
53,53,53,53,53,53,53,53,53,53,53,53,53,53,53,53
53,53,53,53,53,53,53,53,53,53,53,53,53,53,53,53
53,53,53,53,53,53,53,53,53,53,53,53,53,53,53,53
53,53,53,53,53,53,53,53,53,53,53,53,53,53,53,53
53,53,53,53,53,53,53,53,53,53,53,53,53,53,53,53
53,53,53,53,53,53,53,53,53,53,53,53,53,53,53,53
53,53,53,53,53,53,53,53,53,53,53,53,53,53,53,53
53,53,53,53,53,53,53,53,53,53,53,53,53,53,53,53
53,53,53,53,53,53,53,53,53,53,53,53,53,53,53,53
53,53,53,53,53,53,53,53,53,53,53,53,53,53,53,53
53,53,53,53,53,53,53,53,53,53,53,53,53,53,53,53

"CHUNK 3328,512"
53,53,53,53,53,53,53,53,53,53,53,53,53,53,53,53
53,53,53,53,53,53,53,53,53,53,53,53,53,53,53,53
53,53,53,53,53,53,53,53,53,53,53,53,53,53,53,53
53,53,53,53,53,53,53,53,53,53,53,53,53,53,53,53
53,53,53,53,53,53,53,53,53,53,53,53,53,53,53,53
53,53,53,53,53,53,53,53,53,53,53,53,53,53,53,53
53,53,53,53,53,53,53,53,53,53,53,53,53,53,53,53
53,53,53,53,53,53,53,53,53,53,53,53,53,53,53,53
53,53,53,53,53,53,53,53,53,53,53,53,53,53,53,53
53,53,53,53,53,53,53,53,53,53,53,53,53,53,53,53
53,53,53,53,53,53,53,53,53,53,53,53,53,53,53,53
53,53,53,53,53,53,53,53,53,53,53,53,53,53,53,53
53,53,53,53,53,53,53,53,53,53,53,53,53,53,53,53
53,53,53,53,53,53,53,53,53,53,53,53,53,53,53,53
53,53,53,53,53,53,53,53,53,53,53,53,53,53,53,53
53,53,53,53,53,53,53,53,53,53,53,53,53,53,53,53

"CHUNK 3584,512"
53,53,53,53,53,53,53,52,52,52,52,52,52,52,52,52
53,53,53,53,53,53,53,52,52,52,52,52,52,52,52,52
53,53,53,53,53,53,53,52,52,52,52,52,52,52,52,52
53,53,53,53,53,53,53,52,52,52,52,52,52,52,52,52
53,53,53,53,53,53,53,52,52,52,52,52,52,52,52,52
53,53,53,53,53,53,53,52,52,52,52,52,52,52,52,52
53,53,53,53,53,53,53,52,52,52,52,52,52,52,52,52
53,53,53,53,53,53,53,52,52,52,52,52,52,52,52,52
53,53,53,53,53,53,53,52,52,52,52,52,52,52,52,52
53,53,53,53,53,53,53,52,52,52,52,52,52,52,52,52
53,53,53,53,53,53,53,52,52,52,52,52,52,52,52,52
53,53,53,53,53,53,53,52,52,52,52,52,52,52,52,52
53,53,53,53,53,53,53,52,52,52,52,52,52,52,52,52
53,53,53,53,53,53,53,52,52,52,52,52,52,52,52,52
53,53,53,53,53,53,53,52,52,52,52,52,52,52,52,52
53,53,53,53,53,53,53,52,52,52,52,52,52,52,52,52

"CHUNK 3840,512"
52,52,52,52,52,52,52,52,52,52,52,52,52,52,52,52
52,52,52,52,52,52,52,52,52,52,52,52,52,52,52,52
52,52,52,52,52,52,52,52,52,52,52,52,52,52,52,52
52,52,52,52,52,52,52,52,52,52,52,52,52,52,52,52
52,52,52,52,52,52,52,52,52,52,52,52,52,52,52,52
52,52,52,52,52,52,52,52,52,52,52,52,52,52,52,52
52,52,52,52,52,52,52,52,52,52,52,52,52,52,52,52
52,52,52,52,52,52,52,52,52,52,52,52,52,52,52,52
52,52,52,52,52,52,52,52,52,52,52,52,52,52,52,52
52,52,52,52,52,52,52,52,52,52,52,52,52,52,52,52
52,52,52,52,52,52,52,52,52,52,52,52,52,52,52,52
52,52,52,52,52,52,52,52,52,52,52,52,52,52,52,52
52,52,52,52,52,52,52,52,52,52,52,52,52,52,52,52
52,52,52,52,52,52,52,52,52,52,52,52,52,52,52,52
52,52,52,52,52,52,52,52,52,52,52,52,52,52,52,52
52,52,52,52,52,52,52,52,52,52,52,52,52,52,52,52

"CHUNK 4096,512"
52,52,52,52,52,52,52,52,52,52,52,52,52,52,52,52
52,52,52,52,52,52,52,52,52,52,52,52,52,52,52,52
52,52,52,52,52,52,52,52,52,52,52,52,52,52,52,52
52,52,52,52,52,52,52,52,52,52,52,52,52,52,52,52
52,52,52,52,52,52,52,52,52,52,52,52,52,52,52,52
52,52,52,52,52,52,52,52,52,52,52,52,52,52,52,52
52,52,52,52,52,52,52,52,52,52,52,52,52,52,52,52
52,52,52,52,52,52,52,52,52,52,52,52,52,52,52,52
52,52,52,52,52,52,52,52,52,52,52,52,52,52,52,52
52,52,52,52,52,52,52,52,52,52,52,52,52,52,52,52
52,52,52,52,52,52,52,52,52,52,52,52,52,52,52,52
52,52,52,52,52,52,52,52,52,52,52,52,52,52,52,52
52,52,52,52,52,52,52,52,52,52,52,52,52,52,52,52
52,52,52,52,52,52,52,52,52,52,52,52,52,52,52,52
52,52,52,52,52,52,52,52,52,52,52,52,52,52,52,52
52,52,52,52,52,52,52,52,52,52,52,52,52,52,52,52

"CHUNK 4352,512"
52,52,52,52,52,52,52,52,52,52,52,52,52,52,52,52
52,52,52,52,52,52,52,52,52,52,52,52,52,52,52,52
52,52,52,52,52,52,52,52,52,52,52,52,52,52,52,52
52,52,52,52,52,52,52,52,52,52,52,52,52,52,52,52
52,52,52,52,52,52,52,52,52,52,52,52,52,52,52,52
52,52,52,52,52,52,52,52,52,52,52,52,52,52,52,52
52,52,52,52,52,52,52,52,52,52,52,52,52,52,52,52
52,52,52,52,52,52,52,52,52,52,52,52,52,52,52,52
52,52,52,52,52,52,52,52,52,52,52,52,52,52,52,52
52,52,52,52,52,52,52,52,52,52,52,52,52,52,52,52
52,52,52,52,52,52,52,52,52,52,52,52,52,52,52,52
52,52,52,52,52,52,52,52,52,52,52,52,52,52,52,52
52,52,52,52,52,52,52,52,52,52,52,52,52,52,52,52
52,52,52,52,52,52,52,52,52,52,52,52,52,52,52,52
52,52,52,52,52,52,52,52,52,52,52,52,52,52,52,52
52,52,52,52,52,52,52,52,52,52,52,52,52,52,52,52

"CHUNK 4608,512"
52,52,52,52,52,52,52,52,52,52,52,52,52,52,52,52
52,52,52,52,52,52,52,52,52,52,52,52,52,52,52,52
52,52,52,52,52,52,52,52,52,52,52,52,52,52,52,52
52,52,52,52,52,52,52,52,52,52,52,52,52,52,52,52
52,52,52,52,52,52,52,52,52,52,52,52,52,52,52,52
52,52,52,52,52,52,52,52,52,52,52,52,52,52,52,52
52,52,52,52,52,52,52,52,52,52,52,52,52,52,52,52
52,52,52,52,52,52,52,52,52,52,52,52,52,52,52,52
52,52,52,52,52,52,52,52,52,52,52,52,52,52,52,52
52,52,52,52,52,52,52,52,52,52,52,52,52,52,52,52
52,52,52,52,52,52,52,52,52,52,52,52,52,52,52,52
52,52,52,52,52,52,52,52,52,52,52,52,52,52,52,52
52,52,52,52,52,52,52,52,52,52,52,52,52,52,52,52
52,52,52,52,52,52,52,52,52,52,52,52,52,52,52,52
52,52,52,52,52,52,52,52,52,52,52,52,52,52,52,52
52,52,52,52,52,52,52,52,52,52,52,52,52,52,52,52

"CHUNK 4864,512"
52,52,52,52,52,52,52,52,52,52,52,52,52,52,52,52
52,52,52,52,52,52,52,52,52,52,52,52,52,52,52,52
52,52,52,52,52,52,52,52,52,52,52,52,52,52,52,52
52,52,52,52,52,52,52,52,52,52,52,52,52,52,52,52
52,52,52,52,52,52,52,52,52,52,52,52,52,52,52,52
52,52,52,52,52,52,52,52,52,52,52,52,52,52,52,52
52,52,52,52,52,52,52,52,52,52,52,52,52,52,52,52
52,52,52,52,52,52,52,52,52,52,52,52,52,52,52,52
52,52,52,52,52,52,52,52,52,52,52,52,52,52,52,52
52,52,52,52,52,52,52,52,52,52,52,52,52,52,52,52
52,52,52,52,52,52,52,52,52,52,52,52,52,52,52,52
52,52,52,52,52,52,52,52,52,52,52,52,52,52,52,52
52,52,52,52,52,52,52,52,52,52,52,52,52,52,52,52
52,52,52,52,52,52,52,52,52,52,52,52,52,52,52,52
52,52,52,52,52,52,52,52,52,52,52,52,52,52,52,52
52,52,52,52,52,52,52,52,52,52,52,52,52,52,52,52

"CHUNK 0,768"
52,52,52,52,52,53,53,53,53,53,53,53,53,53,53,53
52,52,52,52,52,53,53,53,53,53,53,53,53,53,53,53
52,52,52,52,52,53,53,53,53,53,53,53,53,53,53,53
52,52,52,52,52,53,53,53,53,53,53,53,53,53,53,53
52,52,52,52,52,53,53,53,53,53,53,53,53,53,53,53
52,52,52,52,52,53,53,53,53,53,53,53,53,53,53,53
52,52,52,52,52,53,53,53,53,53,53,53,53,53,53,53
52,52,52,52,52,53,53,53,53,53,53,53,53,53,53,53
52,52,52,52,52,53,53,53,53,53,53,53,53,53,53,53
52,52,52,52,52,53,53,53,53,53,53,53,53,53,53,53
52,52,52,52,52,53,53,53,53,53,53,53,53,53,53,53
52,52,52,52,52,53,53,53,53,53,53,53,53,53,53,53
52,52,52,52,52,53,53,53,53,53,53,53,53,53,53,53
52,52,52,52,52,53,53,53,53,53,53,53,53,53,53,53
52,52,52,52,52,53,53,53,53,53,53,53,53,53,53,53
52,52,52,52,52,53,53,53,53,53,53,53,53,53,53,53

"CHUNK 256,768"
53,53,52,52,52,52,52,52,52,52,52,52,52,52,52,53
53,53,52,52,52,52,52,52,52,52,52,52,52,52,52,53
53,53,52,52,52,52,52,52,52,52,52,52,52,52,52,53
53,53,52,52,52,52,52,52,52,52,52,52,52,52,52,53
53,53,52,52,52,52,52,52,52,52,52,52,52,52,52,53
53,53,52,52,52,52,52,52,52,52,52,52,52,52,52,53
53,53,52,52,52,52,52,52,52,52,52,52,52,52,52,53
53,53,52,52,52,52,52,52,52,52,52,52,52,52,52,53
53,53,52,52,52,52,52,52,52,52,52,52,52,52,52,53
53,53,52,52,52,52,52,52,52,52,52,52,52,52,52,53
53,53,52,52,52,52,52,52,52,52,52,52,52,52,52,53
53,53,52,52,52,52,52,52,52,52,52,52,52,52,52,53
53,53,52,52,52,52,52,52,52,52,52,52,52,52,52,53
53,53,52,52,52,52,52,52,52,52,52,52,52,52,52,53
53,53,52,52,52,52,52,52,52,52,52,52,52,52,52,53
53,53,52,52,52,52,52,52,52,52,52,52,52,52,52,53

"CHUNK 512,768"
53,53,53,53,53,53,53,53,53,53,53,53,52,52,52,52
53,53,53,53,53,53,53,53,53,53,53,53,52,52,52,52
53,53,53,53,53,53,53,53,53,53,53,53,52,52,52,52
53,53,53,53,53,53,53,53,53,53,53,53,52,52,52,52
53,53,53,53,53,53,53,53,53,53,53,53,52,52,52,52
53,53,53,53,53,53,53,53,53,53,53,53,52,52,52,52
53,53,53,53,53,53,53,53,53,53,53,53,52,52,52,52
53,53,53,53,53,53,53,53,53,53,53,53,52,52,52,52
53,53,53,53,53,53,53,53,53,53,53,53,52,52,52,52
53,53,53,53,53,53,53,53,53,53,53,53,52,52,52,52
53,53,53,53,53,53,53,53,53,53,53,53,52,52,52,52
53,53,53,53,53,53,53,53,53,53,53,53,52,52,52,52
53,53,53,53,53,53,53,53,53,53,53,53,52,52,52,52
53,53,53,53,53,53,53,53,53,53,53,53,52,52,52,52
53,53,53,53,53,53,53,53,53,53,53,53,52,52,52,52
53,53,53,53,53,53,53,53,53,53,53,53,52,52,52,52

"CHUNK 768,768"
52,52,52,52,52,52,52,52,52,53,53,53,53,53,53,53
52,52,52,52,52,52,52,52,52,53,53,53,53,53,53,53
52,52,52,52,52,52,52,52,52,53,53,53,53,53,53,53
52,52,52,52,52,52,52,52,52,53,53,53,53,53,53,53
52,52,52,52,52,52,52,52,52,53,53,53,53,53,53,53
52,52,52,52,52,52,52,52,52,53,53,53,53,53,53,53
52,52,52,52,52,52,52,52,52,53,53,53,53,53,53,53
52,52,52,52,52,52,52,52,52,53,53,53,53,53,53,53
52,52,52,52,52,52,52,52,52,53,53,53,53,53,53,53
52,52,52,52,52,52,52,52,52,53,53,53,53,53,53,53
52,52,52,52,52,52,52,52,52,53,53,53,53,53,53,53
52,52,52,52,52,52,52,52,52,53,53,53,53,53,53,53
52,52,52,52,52,52,52,52,52,53,53,53,53,53,53,53
52,52,52,52,52,52,52,52,52,53,53,53,53,53,53,53
52,52,52,52,52,52,52,52,52,53,53,53,53,53,53,53
52,52,52,52,52,52,52,52,52,53,53,53,53,53,53,53

"CHUNK 1024,768"
53,53,53,53,53,53,53,53,53,53,52,52,52,52,52,52
53,53,53,53,53,53,53,53,53,53,52,52,52,52,52,52
53,53,53,53,53,53,53,53,53,53,52,52,52,52,52,52
53,53,53,53,53,53,53,53,53,53,52,52,52,52,52,52
53,53,53,53,53,53,53,53,53,53,52,52,52,52,52,52
53,53,53,53,53,53,53,53,53,53,52,52,52,52,52,52
53,53,53,53,53,53,53,53,53,53,52,52,52,52,52,52
53,53,53,53,53,53,53,53,53,53,52,52,52,52,52,52
53,53,53,53,53,53,53,53,53,53,52,52,52,52,52,52
53,53,53,53,53,53,53,53,53,53,52,52,52,52,52,52
53,53,53,53,53,53,53,53,53,53,52,52,52,52,52,52
53,53,53,53,53,53,53,53,53,53,52,52,52,52,52,52
53,53,53,53,53,53,53,53,53,53,52,52,52,52,52,52
53,53,53,53,53,53,53,53,53,53,52,52,52,52,52,52
53,53,53,53,53,53,53,53,53,53,52,52,52,52,52,52
53,53,53,53,53,53,53,53,53,53,52,52,52,52,52,52

"CHUNK 1280,768"
52,52,52,52,52,52,52,52,52,52,52,53,53,53,53,53
52,52,52,52,52,52,52,52,52,52,52,53,53,53,53,53
52,52,52,52,52,52,52,52,52,52,52,53,53,53,53,53
52,52,52,52,52,52,52,52,52,52,52,53,53,53,53,53
52,52,52,52,52,52,52,52,52,52,52,53,53,53,53,53
52,52,52,52,52,52,52,52,52,52,52,53,53,53,53,53
52,52,52,52,52,52,52,52,52,52,52,53,53,53,53,53
52,52,52,52,52,52,52,52,52,52,52,53,53,53,53,53
52,52,52,52,52,52,52,52,52,52,52,53,53,53,53,53
52,52,52,52,52,52,52,52,52,52,52,53,53,53,53,53
52,52,52,52,52,52,52,52,52,52,52,53,53,53,53,53
52,52,52,52,52,52,52,52,52,52,52,53,53,53,53,53
52,52,52,52,52,52,52,52,52,52,52,53,53,53,53,53
52,52,52,52,52,52,52,52,52,52,52,53,53,53,53,53
52,52,52,52,52,52,52,52,52,52,52,53,53,53,53,53
52,52,52,52,52,52,52,52,52,52,52,53,53,53,53,53

"CHUNK 1536,768"
53,53,53,53,53,53,53,53,53,53,53,53,53,53,53,53
53,53,53,53,53,53,53,53,53,53,53,53,53,53,53,53
53,53,53,53,53,53,53,53,53,53,53,53,53,53,53,53
53,53,53,53,53,53,53,53,53,53,53,53,53,53,53,53
53,53,53,53,53,53,53,53,53,53,53,53,53,53,53,53
53,53,53,53,53,53,53,53,53,53,53,53,53,53,53,53
53,53,53,53,53,53,53,53,53,53,53,53,53,53,53,53
53,53,53,53,53,53,53,53,53,53,53,53,53,53,53,53
53,53,53,53,53,53,53,53,53,53,53,53,53,53,53,53
53,53,53,53,53,53,53,53,53,53,53,53,53,53,53,53
53,53,53,53,53,53,53,53,53,53,53,53,53,53,53,53
53,53,53,53,53,53,53,53,53,53,53,53,53,53,53,53
53,53,53,53,53,53,53,53,53,53,53,53,53,53,53,53
53,53,53,53,53,53,53,53,53,53,53,53,53,53,53,53
53,53,53,53,53,53,53,53,53,53,53,53,53,53,53,53
53,53,53,53,53,53,53,53,53,53,53,53,53,53,53,53

"CHUNK 1792,768"
53,53,53,53,53,52,52,52,52,52,52,52,52,52,52,52
53,53,53,53,53,52,52,52,52,52,52,52,52,52,52,52
53,53,53,53,53,52,52,52,52,52,52,52,52,52,52,52
53,53,53,53,53,52,52,52,52,52,52,52,52,52,52,52
53,53,53,53,53,52,52,52,52,52,52,52,52,52,52,52
53,53,53,53,53,52,52,52,52,52,52,52,52,52,52,52
53,53,53,53,53,52,52,52,52,52,52,52,52,52,52,52
53,53,53,53,53,52,52,52,52,52,52,52,52,52,52,52
53,53,53,53,53,52,52,52,52,52,52,52,52,52,52,52
53,53,53,53,53,52,52,52,52,52,52,52,52,52,52,52
53,53,53,53,53,52,52,52,52,52,52,52,52,52,52,52
53,53,53,53,53,52,52,52,52,52,52,52,52,52,52,52
53,53,53,53,53,52,52,52,52,52,52,52,52,52,52,52
53,53,53,53,53,52,52,52,52,52,52,52,52,52,52,52
53,53,53,53,53,52,52,52,52,52,52,52,52,52,52,52
53,53,53,53,53,52,52,52,52,52,52,52,52,52,52,52

"CHUNK 2048,768"
53,53,53,53,53,53,53,53,53,53,53,53,53,53,53,53
53,53,53,53,53,53,53,53,53,53,53,53,53,53,53,53
53,53,53,53,53,53,53,53,53,53,53,53,53,53,53,53
53,53,53,53,53,53,53,53,53,53,53,53,53,53,53,53
53,53,53,53,53,53,53,53,53,53,53,53,53,53,53,53
53,53,53,53,53,53,53,53,53,53,53,53,53,53,53,53
53,53,53,53,53,53,53,53,53,53,53,53,53,53,53,53
53,53,53,53,53,53,53,53,53,53,53,53,53,53,53,53
53,53,53,53,53,53,53,53,53,53,53,53,53,53,53,53
53,53,53,53,53,53,53,53,53,53,53,53,53,53,53,53
53,53,53,53,53,53,53,53,53,53,53,53,53,53,53,53
53,53,53,53,53,53,53,53,53,53,53,53,53,53,53,53
53,53,53,53,53,53,53,53,53,53,53,53,53,53,53,53
53,53,53,53,53,53,53,53,53,53,53,53,53,53,53,53
53,53,53,53,53,53,53,53,53,53,53,53,53,53,53,53
53,53,53,53,53,53,53,53,53,53,53,53,53,53,53,53

"CHUNK 2304,768"
53,53,53,53,53,53,53,53,53,53,53,53,53,53,53,52
53,53,53,53,53,53,53,53,53,53,53,53,53,53,53,52
53,53,53,53,53,53,53,53,53,53,53,53,53,53,53,52
53,53,53,53,53,53,53,53,53,53,53,53,53,53,53,52
53,53,53,53,53,53,53,53,53,53,53,53,53,53,53,52
53,53,53,53,53,53,53,53,53,53,53,53,53,53,53,52
53,53,53,53,53,53,53,53,53,53,53,53,53,53,53,52
53,53,53,53,53,53,53,53,53,53,53,53,53,53,53,52
53,53,53,53,53,53,53,53,53,53,53,53,53,53,53,52
53,53,53,53,53,53,53,53,53,53,53,53,53,53,53,52
53,53,53,53,53,53,53,53,53,53,53,53,53,53,53,52
53,53,53,53,53,53,53,53,53,53,53,53,53,53,53,52
53,53,53,53,53,53,53,53,53,53,53,53,53,53,53,52
53,53,53,53,53,53,53,53,53,53,53,53,53,53,53,52
53,53,53,53,53,53,53,53,53,53,53,53,53,53,53,52
53,53,53,53,53,53,53,53,53,53,53,53,53,53,53,52

"CHUNK 2560,768"
52,52,52,52,52,52,52,52,52,52,52,52,52,52,52,52
52,52,52,52,52,52,52,52,52,52,52,52,52,52,52,52
52,52,52,52,52,52,52,52,52,52,52,52,52,52,52,52
52,52,52,52,52,52,52,52,52,52,52,52,52,52,52,52
52,52,52,52,52,52,52,52,52,52,52,52,52,52,52,52
52,52,52,52,52,52,52,52,52,52,52,52,52,52,52,52
52,52,52,52,52,52,52,52,52,52,52,52,52,52,52,52
52,52,52,52,52,52,52,52,52,52,52,52,52,52,52,52
52,52,52,52,52,52,52,52,52,52,52,52,52,52,52,52
52,52,52,52,52,52,52,52,52,52,52,52,52,52,52,52
52,52,52,52,52,52,52,52,52,52,52,52,52,52,52,52
52,52,52,52,52,52,52,52,52,52,52,52,52,52,52,52
52,52,52,52,52,52,52,52,52,52,52,52,52,52,52,52
52,52,52,52,52,52,52,52,52,52,52,52,52,52,52,52
52,52,52,52,52,52,52,52,52,52,52,52,52,52,52,52
52,52,52,52,52,52,52,52,52,52,52,52,52,52,52,52

"CHUNK 2816,768"
52,53,53,53,53,53,53,53,53,53,53,53,53,53,53,53
52,53,53,53,53,53,53,53,53,53,53,53,53,53,53,53
52,53,53,53,53,53,53,53,53,53,53,53,53,53,53,53
52,53,53,53,53,53,53,53,53,53,53,53,53,53,53,53
52,53,53,53,53,53,53,53,53,53,53,53,53,53,53,53
52,53,53,53,53,53,53,53,53,53,53,53,53,53,53,53
52,53,53,53,53,53,53,53,53,53,53,53,53,53,53,53
52,53,53,53,53,53,53,53,53,53,53,53,53,53,53,53
52,53,53,53,53,53,53,53,53,53,53,53,53,53,53,53
52,53,53,53,53,53,53,53,53,53,53,53,53,53,53,53
52,53,53,53,53,53,53,53,53,53,53,53,53,53,53,53
52,53,53,53,53,53,53,53,53,53,53,53,53,53,53,53
52,53,53,53,53,53,53,53,53,53,53,53,53,53,53,53
52,53,53,53,53,53,53,53,53,53,53,53,53,53,53,53
52,53,53,53,53,53,53,53,53,53,53,53,53,53,53,53
52,53,53,53,53,53,53,53,53,53,53,53,53,53,53,53

"CHUNK 3072,768"
53,53,53,53,53,53,53,53,53,53,53,53,53,53,53,53
53,53,53,53,53,53,53,53,53,53,53,53,53,53,53,53
53,53,53,53,53,53,53,53,53,53,53,53,53,53,53,53
53,53,53,53,53,53,53,53,53,53,53,53,53,53,53,53
53,53,53,53,53,53,53,53,53,53,53,53,53,53,53,53
53,53,53,53,53,53,53,53,53,53,53,53,53,53,53,53
53,53,53,53,53,53,53,53,53,53,53,53,53,53,53,53
53,53,53,53,53,53,53,53,53,53,53,53,53,53,53,53
53,53,53,53,53,53,53,53,53,53,53,53,53,53,53,53
53,53,53,53,53,53,53,53,53,53,53,53,53,53,53,53
53,53,53,53,53,53,53,53,53,53,53,53,53,53,53,53
53,53,53,53,53,53,53,53,53,53,53,53,53,53,53,53
53,53,53,53,53,53,53,53,53,53,53,53,53,53,53,53
53,53,53,53,53,53,53,53,53,53,53,53,53,53,53,53
53,53,53,53,53,53,53,53,53,53,53,53,53,53,53,53
53,53,53,53,53,53,53,53,53,53,53,53,53,53,53,53

"CHUNK 3328,768"
53,53,53,53,53,53,53,53,53,53,53,53,53,53,53,53
53,53,53,53,53,53,53,53,53,53,53,53,53,53,53,53
53,53,53,53,53,53,53,53,53,53,53,53,53,53,53,53
53,53,53,53,53,53,53,53,53,53,53,53,53,53,53,53
53,53,53,53,53,53,53,53,53,53,53,53,53,53,53,53
53,53,53,53,53,53,53,53,53,53,53,53,53,53,53,53
53,53,53,53,53,53,53,53,53,53,53,53,53,53,53,53
53,53,53,53,53,53,53,53,53,53,53,53,53,53,53,53
53,53,53,53,53,53,53,53,53,53,53,53,53,53,53,53
53,53,53,53,53,53,53,53,53,53,53,53,53,53,53,53
53,53,53,53,53,53,53,53,53,53,53,53,53,53,53,53
53,53,53,53,53,53,53,53,53,53,53,53,53,53,53,53
53,53,53,53,53,53,53,53,53,53,53,53,53,53,53,53
53,53,53,53,53,53,53,53,53,53,53,53,53,53,53,53
53,53,53,53,53,53,53,53,53,53,53,53,53,53,53,53
53,53,53,53,53,53,53,53,53,53,53,53,53,53,53,53

"CHUNK 3584,768"
53,53,53,53,53,53,53,52,52,52,52,52,52,52,52,52
53,53,53,53,53,53,53,52,52,52,52,52,52,52,52,52
53,53,53,53,53,53,53,52,52,52,52,52,52,52,52,52
53,53,53,53,53,53,53,52,52,52,52,52,52,52,52,52
53,53,53,53,53,53,53,52,52,52,52,52,52,52,52,52
53,53,53,53,53,53,53,52,52,52,52,52,52,52,52,52
53,53,53,53,53,53,53,52,52,52,52,52,52,52,52,52
53,53,53,53,53,53,53,52,52,52,52,52,52,52,52,52
53,53,53,53,53,53,53,52,52,52,52,52,52,52,52,52
53,53,53,53,53,53,53,52,52,52,52,52,52,52,52,52
53,53,53,53,53,53,53,52,52,52,52,52,52,52,52,52
53,53,53,53,53,53,53,52,52,52,52,52,52,52,52,52
53,53,53,53,53,53,53,52,52,52,52,52,52,52,52,52
53,53,53,53,53,53,53,52,52,52,52,52,52,52,52,52
53,53,53,53,53,53,53,52,52,52,52,52,52,52,52,52
53,53,53,53,53,53,53,52,52,52,52,52,52,52,52,52

"CHUNK 3840,768"
52,52,52,52,52,52,52,52,52,52,52,52,52,52,52,52
52,52,52,52,52,52,52,52,52,52,52,52,52,52,52,52
52,52,52,52,52,52,52,52,52,52,52,52,52,52,52,52
52,52,52,52,52,52,52,52,52,52,52,52,52,52,52,52
52,52,52,52,52,52,52,52,52,52,52,52,52,52,52,52
52,52,52,52,52,52,52,52,52,52,52,52,52,52,52,52
52,52,52,52,52,52,52,52,52,52,52,52,52,52,52,52
52,52,52,52,52,52,52,52,52,52,52,52,52,52,52,52
52,52,52,52,52,52,52,52,52,52,52,52,52,52,52,52
52,52,52,52,52,52,52,52,52,52,52,52,52,52,52,52
52,52,52,52,52,52,52,52,52,52,52,52,52,52,52,52
52,52,52,52,52,52,52,52,52,52,52,52,52,52,52,52
52,52,52,52,52,52,52,52,52,52,52,52,52,52,52,52
52,52,52,52,52,52,52,52,52,52,52,52,52,52,52,52
52,52,52,52,52,52,52,52,52,52,52,52,52,52,52,52
52,52,52,52,52,52,52,52,52,52,52,52,52,52,52,52

"CHUNK 4096,768"
52,52,52,52,52,52,52,52,52,52,52,52,52,52,52,52
52,52,52,52,52,52,52,52,52,52,52,52,52,52,52,52
52,52,52,52,52,52,52,52,52,52,52,52,52,52,52,52
52,52,52,52,52,52,52,52,52,52,52,52,52,52,52,52
52,52,52,52,52,52,52,52,52,52,52,52,52,52,52,52
52,52,52,52,52,52,52,52,52,52,52,52,52,52,52,52
52,52,52,52,52,52,52,52,52,52,52,52,52,52,52,52
52,52,52,52,52,52,52,52,52,52,52,52,52,52,52,52
52,52,52,52,52,52,52,52,52,52,52,52,52,52,52,52
52,52,52,52,52,52,52,52,52,52,52,52,52,52,52,52
52,52,52,52,52,52,52,52,52,52,52,52,52,52,52,52
52,52,52,52,52,52,52,52,52,52,52,52,52,52,52,52
52,52,52,52,52,52,52,52,52,52,52,52,52,52,52,52
52,52,52,52,52,52,52,52,52,52,52,52,52,52,52,52
52,52,52,52,52,52,52,52,52,52,52,52,52,52,52,52
52,52,52,52,52,52,52,52,52,52,52,52,52,52,52,52

"CHUNK 4352,768"
52,52,52,52,52,52,52,52,52,52,52,52,52,52,52,52
52,52,52,52,52,52,52,52,52,52,52,52,52,52,52,52
52,52,52,52,52,52,52,52,52,52,52,52,52,52,52,52
52,52,52,52,52,52,52,52,52,52,52,52,52,52,52,52
52,52,52,52,52,52,52,52,52,52,52,52,52,52,52,52
52,52,52,52,52,52,52,52,52,52,52,52,52,52,52,52
52,52,52,52,52,52,52,52,52,52,52,52,52,52,52,52
52,52,52,52,52,52,52,52,52,52,52,52,52,52,52,52
52,52,52,52,52,52,52,52,52,52,52,52,52,52,52,52
52,52,52,52,52,52,52,52,52,52,52,52,52,52,52,52
52,52,52,52,52,52,52,52,52,52,52,52,52,52,52,52
52,52,52,52,52,52,52,52,52,52,52,52,52,52,52,52
52,52,52,52,52,52,52,52,52,52,52,52,52,52,52,52
52,52,52,52,52,52,52,52,52,52,52,52,52,52,52,52
52,52,52,52,52,52,52,52,52,52,52,52,52,52,52,52
52,52,52,52,52,52,52,52,52,52,52,52,52,52,52,52

"CHUNK 4608,768"
52,52,52,52,52,52,52,52,52,52,52,52,52,52,52,52
52,52,52,52,52,52,52,52,52,52,52,52,52,52,52,52
52,52,52,52,52,52,52,52,52,52,52,52,52,52,52,52
52,52,52,52,52,52,52,52,52,52,52,52,52,52,52,52
52,52,52,52,52,52,52,52,52,52,52,52,52,52,52,52
52,52,52,52,52,52,52,52,52,52,52,52,52,52,52,52
52,52,52,52,52,52,52,52,52,52,52,52,52,52,52,52
52,52,52,52,52,52,52,52,52,52,52,52,52,52,52,52
52,52,52,52,52,52,52,52,52,52,52,52,52,52,52,52
52,52,52,52,52,52,52,52,52,52,52,52,52,52,52,52
52,52,52,52,52,52,52,52,52,52,52,52,52,52,52,52
52,52,52,52,52,52,52,52,52,52,52,52,52,52,52,52
52,52,52,52,52,52,52,52,52,52,52,52,52,52,52,52
52,52,52,52,52,52,52,52,52,52,52,52,52,52,52,52
52,52,52,52,52,52,52,52,52,52,52,52,52,52,52,52
52,52,52,52,52,52,52,52,52,52,52,52,52,52,52,52

"CHUNK 4864,768"
52,52,52,52,52,52,52,52,52,52,52,52,52,52,52,52
52,52,52,52,52,52,52,52,52,52,52,52,52,52,52,52
52,52,52,52,52,52,52,52,52,52,52,52,52,52,52,52
52,52,52,52,52,52,52,52,52,52,52,52,52,52,52,52
52,52,52,52,52,52,52,52,52,52,52,52,52,52,52,52
52,52,52,52,52,52,52,52,52,52,52,52,52,52,52,52
52,52,52,52,52,52,52,52,52,52,52,52,52,52,52,52
52,52,52,52,52,52,52,52,52,52,52,52,52,52,52,52
52,52,52,52,52,52,52,52,52,52,52,52,52,52,52,52
52,52,52,52,52,52,52,52,52,52,52,52,52,52,52,52
52,52,52,52,52,52,52,52,52,52,52,52,52,52,52,52
52,52,52,52,52,52,52,52,52,52,52,52,52,52,52,52
52,52,52,52,52,52,52,52,52,52,52,52,52,52,52,52
52,52,52,52,52,52,52,52,52,52,52,52,52,52,52,52
52,52,52,52,52,52,52,52,52,52,52,52,52,52,52,52
52,52,52,52,52,52,52,52,52,52,52,52,52,52,52,52

"CHUNK 0,1024"
52,52,52,52,52,53,53,53,53,53,53,53,53,53,53,53
52,52,52,52,52,53,53,53,53,53,53,53,53,53,53,53
52,52,52,52,52,53,53,53,53,53,53,53,53,53,53,53
52,52,52,52,52,53,53,53,53,53,53,53,53,53,53,53
52,52,52,52,52,53,53,53,53,53,53,53,53,53,53,53
52,52,52,52,52,53,53,53,53,53,53,53,53,53,53,53
52,52,52,52,52,53,53,53,53,53,53,53,53,53,53,53
52,52,52,52,52,53,53,53,53,53,53,53,53,53,53,53
52,52,52,52,52,53,53,53,53,53,53,53,53,53,53,53
52,52,52,52,52,53,53,53,53,53,53,53,53,53,53,53
52,52,52,52,52,53,53,53,53,53,53,53,53,53,53,53
52,52,52,52,52,53,53,53,53,53,53,53,53,53,53,53
52,52,52,52,52,53,53,53,53,53,53,53,53,53,53,53
52,52,52,52,52,53,53,53,53,53,53,53,53,53,53,53
52,52,52,52,52,53,53,53,53,53,53,53,53,53,53,53
52,52,52,52,52,53,53,53,53,53,53,53,53,53,53,53

"CHUNK 256,1024"
53,53,52,52,52,52,52,52,52,52,52,52,52,52,52,53
53,53,52,52,52,52,52,52,52,52,52,52,52,52,52,53
53,53,52,52,52,52,52,52,52,52,52,52,52,52,52,53
53,53,52,52,52,52,52,52,52,52,52,52,52,52,52,53
53,53,52,52,52,52,52,52,52,52,52,52,52,52,52,53
53,53,52,52,52,52,52,52,52,52,52,52,52,52,52,53
53,53,52,52,52,52,52,52,52,52,52,52,52,52,52,53
53,53,52,52,52,52,52,52,52,52,52,52,52,52,52,53
53,53,52,52,52,52,52,52,52,52,52,52,52,52,52,53
53,53,52,52,52,52,52,52,52,52,52,52,52,52,52,53
53,53,52,52,52,52,52,52,52,52,52,52,52,52,52,53
53,53,52,52,52,52,52,52,52,52,52,52,52,52,52,53
53,53,52,52,52,52,52,52,52,52,52,52,52,52,52,53
53,53,52,52,52,52,52,52,52,52,52,52,52,52,52,53
53,53,52,52,52,52,52,52,52,52,52,52,52,52,52,53
53,53,52,52,52,52,52,52,52,52,52,52,52,52,52,53

"CHUNK 512,1024"
53,53,53,53,53,53,53,53,53,53,53,53,52,52,52,52
53,53,53,53,53,53,53,53,53,53,53,53,52,52,52,52
53,53,53,53,53,53,53,53,53,53,53,53,52,52,52,52
53,53,53,53,53,53,53,53,53,53,53,53,52,52,52,52
53,53,53,53,53,53,53,53,53,53,53,53,52,52,52,52
53,53,53,53,53,53,53,53,53,53,53,53,52,52,52,52
53,53,53,53,53,53,53,53,53,53,53,53,52,52,52,52
53,53,53,53,53,53,53,53,53,53,53,53,52,52,52,52
53,53,53,53,53,53,53,53,53,53,53,53,52,52,52,52
53,53,53,53,53,53,53,53,53,53,53,53,52,52,52,52
53,53,53,53,53,53,53,53,53,53,53,53,52,52,52,52
53,53,53,53,53,53,53,53,53,53,53,53,52,52,52,52
53,53,53,53,53,53,53,53,53,53,53,53,52,52,52,52
53,53,53,53,53,53,53,53,53,53,53,53,52,52,52,52
53,53,53,53,53,53,53,53,53,53,53,53,52,52,52,52
53,53,53,53,53,53,53,53,53,53,53,53,52,52,52,52

"CHUNK 768,1024"
52,52,52,52,52,52,52,52,52,53,53,53,53,53,53,53
52,52,52,52,52,52,52,52,52,53,53,53,53,53,53,53
52,52,52,52,52,52,52,52,52,53,53,53,53,53,53,53
52,52,52,52,52,52,52,52,52,53,53,53,53,53,53,53
52,52,52,52,52,52,52,52,52,53,53,53,53,53,53,53
52,52,52,52,52,52,52,52,52,53,53,53,53,53,53,53
52,52,52,52,52,52,52,52,52,53,53,53,53,53,53,53
52,52,52,52,52,52,52,52,52,53,53,53,53,53,53,53
52,52,52,52,52,52,52,52,52,53,53,53,53,53,53,53
52,52,52,52,52,52,52,52,52,53,53,53,53,53,53,53
52,52,52,52,52,52,52,52,52,53,53,53,53,53,53,53
52,52,52,52,52,52,52,52,52,53,53,53,53,53,53,53
52,52,52,52,52,52,52,52,52,53,53,53,53,53,53,53
52,52,52,52,52,52,52,52,52,53,53,53,53,53,53,53
52,52,52,52,52,52,52,52,52,53,53,53,53,53,53,53
52,52,52,52,52,52,52,52,52,53,53,53,53,53,53,53

"CHUNK 1024,1024"
53,53,53,53,53,53,53,53,53,53,52,52,52,52,52,52
53,53,53,53,53,53,53,53,53,53,52,52,52,52,52,52
53,53,53,53,53,53,53,53,53,53,52,52,52,52,52,52
53,53,53,53,53,53,53,53,53,53,52,52,52,52,52,52
53,53,53,53,53,53,53,53,53,53,52,52,52,52,52,52
53,53,53,53,53,53,53,53,53,53,52,52,52,52,52,52
53,53,53,53,53,53,53,53,53,53,52,52,52,52,52,52
53,53,53,53,53,53,53,53,53,53,52,52,52,52,52,52
53,53,53,53,53,53,53,53,53,53,52,52,52,52,52,52
53,53,53,53,53,53,53,53,53,53,52,52,52,52,52,52
53,53,53,53,53,53,53,53,53,53,52,52,52,52,52,52
53,53,53,53,53,53,53,53,53,53,52,52,52,52,52,52
53,53,53,53,53,53,53,53,53,53,52,52,52,52,52,52
53,53,53,53,53,53,53,53,53,53,52,52,52,52,52,52
53,53,53,53,53,53,53,53,53,53,52,52,52,52,52,52
53,53,53,53,53,53,53,53,53,53,52,52,52,52,52,52

"CHUNK 1280,1024"
52,52,52,52,52,52,52,52,52,52,52,53,53,53,53,53
52,52,52,52,52,52,52,52,52,52,52,53,53,53,53,53
52,52,52,52,52,52,52,52,52,52,52,53,53,53,53,53
52,52,52,52,52,52,52,52,52,52,52,53,53,53,53,53
52,52,52,52,52,52,52,52,52,52,52,53,53,53,53,53
52,52,52,52,52,52,52,52,52,52,52,53,53,53,53,53
52,52,52,52,52,52,52,52,52,52,52,53,53,53,53,53
52,52,52,52,52,52,52,52,52,52,52,53,53,53,53,53
52,52,52,52,52,52,52,52,52,52,52,53,53,53,53,53
52,52,52,52,52,52,52,52,52,52,52,53,53,53,53,53
52,52,52,52,52,52,52,52,52,52,52,53,53,53,53,53
52,52,52,52,52,52,52,52,52,52,52,53,53,53,53,53
52,52,52,52,52,52,52,52,52,52,52,53,53,53,53,53
52,52,52,52,52,52,52,52,52,52,52,53,53,53,53,53
52,52,52,52,52,52,52,52,52,52,52,53,53,53,53,53
52,52,52,52,52,52,52,52,52,52,52,53,53,53,53,53

"CHUNK 1536,1024"
53,53,53,53,53,53,53,53,53,53,53,53,53,53,53,53
53,53,53,53,53,53,53,53,53,53,53,53,53,53,53,53
53,53,53,53,53,53,53,53,53,53,53,53,53,53,53,53
53,53,53,53,53,53,53,53,53,53,53,53,53,53,53,53
53,53,53,53,53,53,53,53,53,53,53,53,53,53,53,53
53,53,53,53,53,53,53,53,53,53,53,53,53,53,53,53
53,53,53,53,53,53,53,53,53,53,53,53,53,53,53,53
53,53,53,53,53,53,53,53,53,53,53,53,53,53,53,53
53,53,53,53,53,53,53,53,53,53,53,53,53,53,53,53
53,53,53,53,53,53,53,53,53,53,53,53,53,53,53,53
53,53,53,53,53,53,53,53,53,53,53,53,53,53,53,53
53,53,53,53,53,53,53,53,53,53,53,53,53,53,53,53
53,53,53,53,53,53,53,53,53,53,53,53,53,53,53,53
53,53,53,53,53,53,53,53,53,53,53,53,53,53,53,53
53,53,53,53,53,53,53,53,53,53,53,53,53,53,53,53
53,53,53,53,53,53,53,53,53,53,53,53,53,53,53,53

"CHUNK 1792,1024"
53,53,53,53,53,52,52,52,52,52,52,52,52,52,52,52
53,53,53,53,53,52,52,52,52,52,52,52,52,52,52,52
53,53,53,53,53,52,52,52,52,52,52,52,52,52,52,52
53,53,53,53,53,52,52,52,52,52,52,52,52,52,52,52
53,53,53,53,53,52,52,52,52,52,52,52,52,52,52,52
53,53,53,53,53,52,52,52,52,52,52,52,52,52,52,52
53,53,53,53,53,52,52,52,52,52,52,52,52,52,52,52
53,53,53,53,53,52,52,52,52,52,52,52,52,52,52,52
53,53,53,53,53,52,52,52,52,52,52,52,52,52,52,52
53,53,53,53,53,52,52,52,52,52,52,52,52,52,52,52
53,53,53,53,53,52,52,52,52,52,52,52,52,52,52,52
53,53,53,53,53,52,52,52,52,52,52,52,52,52,52,52
53,53,53,53,53,52,52,52,52,52,52,52,52,52,52,52
53,53,53,53,53,52,52,52,52,52,52,52,52,52,52,52
53,53,53,53,53,52,52,52,52,52,52,52,52,52,52,52
53,53,53,53,53,52,52,52,52,52,52,52,52,52,52,52

"CHUNK 2048,1024"
53,53,53,53,53,53,53,53,53,53,53,53,53,53,53,53
53,53,53,53,53,53,53,53,53,53,53,53,53,53,53,53
53,53,53,53,53,53,53,53,53,53,53,53,53,53,53,53
53,53,53,53,53,53,53,53,53,53,53,53,53,53,53,53
53,53,53,53,53,53,53,53,53,53,53,53,53,53,53,53
53,53,53,53,53,53,53,53,53,53,53,53,53,53,53,53
53,53,53,53,53,53,53,53,53,53,53,53,53,53,53,53
53,53,53,53,53,53,53,53,53,53,53,53,53,53,53,53
53,53,53,53,53,53,53,53,53,53,53,53,53,53,53,53
53,53,53,53,53,53,53,53,53,53,53,53,53,53,53,53
53,53,53,53,53,53,53,53,53,53,53,53,53,53,53,53
53,53,53,53,53,53,53,53,53,53,53,53,53,53,53,53
53,53,53,53,53,53,53,53,53,53,53,53,53,53,53,53
53,53,53,53,53,53,53,53,53,53,53,53,53,53,53,53
53,53,53,53,53,53,53,53,53,53,53,53,53,53,53,53
53,53,53,53,53,53,53,53,53,53,53,53,53,53,53,53

"CHUNK 2304,1024"
53,53,53,53,53,53,53,53,53,53,53,53,53,53,53,52
53,53,53,53,53,53,53,53,53,53,53,53,53,53,53,52
53,53,53,53,53,53,53,53,53,53,53,53,53,53,53,52
53,53,53,53,53,53,53,53,53,53,53,53,53,53,53,52
53,53,53,53,53,53,53,53,53,53,53,53,53,53,53,52
53,53,53,53,53,53,53,53,53,53,53,53,53,53,53,52
53,53,53,53,53,53,53,53,53,53,53,53,53,53,53,52
53,53,53,53,53,53,53,53,53,53,53,53,53,53,53,52
53,53,53,53,53,53,53,53,53,53,53,53,53,53,53,52
53,53,53,53,53,53,53,53,53,53,53,53,53,53,53,52
53,53,53,53,53,53,53,53,53,53,53,53,53,53,53,52
53,53,53,53,53,53,53,53,53,53,53,53,53,53,53,52
53,53,53,53,53,53,53,53,53,53,53,53,53,53,53,52
53,53,53,53,53,53,53,53,53,53,53,53,53,53,53,52
53,53,53,53,53,53,53,53,53,53,53,53,53,53,53,52
53,53,53,53,53,53,53,53,53,53,53,53,53,53,53,52

"CHUNK 2560,1024"
52,52,52,52,52,52,52,52,52,52,52,52,52,52,52,52
52,52,52,52,52,52,52,52,52,52,52,52,52,52,52,52
52,52,52,52,52,52,52,52,52,52,52,52,52,52,52,52
52,52,52,52,52,52,52,52,52,52,52,52,52,52,52,52
52,52,52,52,52,52,52,52,52,52,52,52,52,52,52,52
52,52,52,52,52,52,52,52,52,52,52,52,52,52,52,52
52,52,52,52,52,52,52,52,52,52,52,52,52,52,52,52
52,52,52,52,52,52,52,52,52,52,52,52,52,52,52,52
52,52,52,52,52,52,52,52,52,52,52,52,52,52,52,52
52,52,52,52,52,52,52,52,52,52,52,52,52,52,52,52
52,52,52,52,52,52,52,52,52,52,52,52,52,52,52,52
52,52,52,52,52,52,52,52,52,52,52,52,52,52,52,52
52,52,52,52,52,52,52,52,52,52,52,52,52,52,52,52
52,52,52,52,52,52,52,52,52,52,52,52,52,52,52,52
52,52,52,52,52,52,52,52,52,52,52,52,52,52,52,52
52,52,52,52,52,52,52,52,52,52,52,52,52,52,52,52

"CHUNK 2816,1024"
52,53,53,53,53,53,53,53,53,53,53,53,53,53,53,53
52,53,53,53,53,53,53,53,53,53,53,53,53,53,53,53
52,53,53,53,53,53,53,53,53,53,53,53,53,53,53,53
52,53,53,53,53,53,53,53,53,53,53,53,53,53,53,53
52,53,53,53,53,53,53,53,53,53,53,53,53,53,53,53
52,53,53,53,53,53,53,53,53,53,53,53,53,53,53,53
52,53,53,53,53,53,53,53,53,53,53,53,53,53,53,53
52,53,53,53,53,53,53,53,53,53,53,53,53,53,53,53
52,53,53,53,53,53,53,53,53,53,53,53,53,53,53,53
52,53,53,53,53,53,53,53,53,53,53,53,53,53,53,53
52,53,53,53,53,53,53,53,53,53,53,53,53,53,53,53
52,53,53,53,53,53,53,53,53,53,53,53,53,53,53,53
52,53,53,53,53,53,53,53,53,53,53,53,53,53,53,53
52,53,53,53,53,53,53,53,53,53,53,53,53,53,53,53
52,53,53,53,53,53,53,53,53,53,53,53,53,53,53,53
52,53,53,53,53,53,53,53,53,53,53,53,53,53,53,53

"CHUNK 3072,1024"
53,53,53,53,53,53,53,53,53,53,53,53,53,53,53,53
53,53,53,53,53,53,53,53,53,53,53,53,53,53,53,53
53,53,53,53,53,53,53,53,53,53,53,53,53,53,53,53
53,53,53,53,53,53,53,53,53,53,53,53,53,53,53,53
53,53,53,53,53,53,53,53,53,53,53,53,53,53,53,53
53,53,53,53,53,53,53,53,53,53,53,53,53,53,53,53
53,53,53,53,53,53,53,53,53,53,53,53,53,53,53,53
53,53,53,53,53,53,53,53,53,53,53,53,53,53,53,53
53,53,53,53,53,53,53,53,53,53,53,53,53,53,53,53
53,53,53,53,53,53,53,53,53,53,53,53,53,53,53,53
53,53,53,53,53,53,53,53,53,53,53,53,53,53,53,53
53,53,53,53,53,53,53,53,53,53,53,53,53,53,53,53
53,53,53,53,53,53,53,53,53,53,53,53,53,53,53,53
53,53,53,53,53,53,53,53,53,53,53,53,53,53,53,53
53,53,53,53,53,53,53,53,53,53,53,53,53,53,53,53
53,53,53,53,53,53,53,53,53,53,53,53,53,53,53,53

"CHUNK 3328,1024"
53,53,53,53,53,53,53,53,53,53,53,53,53,53,53,53
53,53,53,53,53,53,53,53,53,53,53,53,53,53,53,53
53,53,53,53,53,53,53,53,53,53,53,53,53,53,53,53
53,53,53,53,53,53,53,53,53,53,53,53,53,53,53,53
53,53,53,53,53,53,53,53,53,53,53,53,53,53,53,53
53,53,53,53,53,53,53,53,53,53,53,53,53,53,53,53
53,53,53,53,53,53,53,53,53,53,53,53,53,53,53,53
53,53,53,53,53,53,53,53,53,53,53,53,53,53,53,53
53,53,53,53,53,53,53,53,53,53,53,53,53,53,53,53
53,53,53,53,53,53,53,53,53,53,53,53,53,53,53,53
53,53,53,53,53,53,53,53,53,53,53,53,53,53,53,53
53,53,53,53,53,53,53,53,53,53,53,53,53,53,53,53
53,53,53,53,53,53,53,53,53,53,53,53,53,53,53,53
53,53,53,53,53,53,53,53,53,53,53,53,53,53,53,53
53,53,53,53,53,53,53,53,53,53,53,53,53,53,53,53
53,53,53,53,53,53,53,53,53,53,53,53,53,53,53,53

"CHUNK 3584,1024"
53,53,53,53,53,53,53,52,52,52,52,52,52,52,52,52
53,53,53,53,53,53,53,52,52,52,52,52,52,52,52,52
53,53,53,53,53,53,53,52,52,52,52,52,52,52,52,52
53,53,53,53,53,53,53,52,52,52,52,52,52,52,52,52
53,53,53,53,53,53,53,52,52,52,52,52,52,52,52,52
53,53,53,53,53,53,53,52,52,52,52,52,52,52,52,52
53,53,53,53,53,53,53,52,52,52,52,52,52,52,52,52
53,53,53,53,53,53,53,52,52,52,52,52,52,52,52,52
53,53,53,53,53,53,53,52,52,52,52,52,52,52,52,52
53,53,53,53,53,53,53,52,52,52,52,52,52,52,52,52
53,53,53,53,53,53,53,52,52,52,52,52,52,52,52,52
53,53,53,53,53,53,53,52,52,52,52,52,52,52,52,52
53,53,53,53,53,53,53,52,52,52,52,52,52,52,52,52
53,53,53,53,53,53,53,52,52,52,52,52,52,52,52,52
53,53,53,53,53,53,53,52,52,52,52,52,52,52,52,52
53,53,53,53,53,53,53,52,52,52,52,52,52,52,52,52

"CHUNK 3840,1024"
52,52,52,52,52,52,52,52,52,52,52,52,52,52,52,52
52,52,52,52,52,52,52,52,52,52,52,52,52,52,52,52
52,52,52,52,52,52,52,52,52,52,52,52,52,52,52,52
52,52,52,52,52,52,52,52,52,52,52,52,52,52,52,52
52,52,52,52,52,52,52,52,52,52,52,52,52,52,52,52
52,52,52,52,52,52,52,52,52,52,52,52,52,52,52,52
52,52,52,52,52,52,52,52,52,52,52,52,52,52,52,52
52,52,52,52,52,52,52,52,52,52,52,52,52,52,52,52
52,52,52,52,52,52,52,52,52,52,52,52,52,52,52,52
52,52,52,52,52,52,52,52,52,52,52,52,52,52,52,52
52,52,52,52,52,52,52,52,52,52,52,52,52,52,52,52
52,52,52,52,52,52,52,52,52,52,52,52,52,52,52,52
52,52,52,52,52,52,52,52,52,52,52,52,52,52,52,52
52,52,52,52,52,52,52,52,52,52,52,52,52,52,52,52
52,52,52,52,52,52,52,52,52,52,52,52,52,52,52,52
52,52,52,52,52,52,52,52,52,52,52,52,52,52,52,52

"CHUNK 4096,1024"
52,52,52,52,52,52,52,52,52,52,52,52,52,52,52,52
52,52,52,52,52,52,52,52,52,52,52,52,52,52,52,52
52,52,52,52,52,52,52,52,52,52,52,52,52,52,52,52
52,52,52,52,52,52,52,52,52,52,52,52,52,52,52,52
52,52,52,52,52,52,52,52,52,52,52,52,52,52,52,52
52,52,52,52,52,52,52,52,52,52,52,52,52,52,52,52
52,52,52,52,52,52,52,52,52,52,52,52,52,52,52,52
52,52,52,52,52,52,52,52,52,52,52,52,52,52,52,52
52,52,52,52,52,52,52,52,52,52,52,52,52,52,52,52
52,52,52,52,52,52,52,52,52,52,52,52,52,52,52,52
52,52,52,52,52,52,52,52,52,52,52,52,52,52,52,52
52,52,52,52,52,52,52,52,52,52,52,52,52,52,52,52
52,52,52,52,52,52,52,52,52,52,52,52,52,52,52,52
52,52,52,52,52,52,52,52,52,52,52,52,52,52,52,52
52,52,52,52,52,52,52,52,52,52,52,52,52,52,52,52
52,52,52,52,52,52,52,52,52,52,52,52,52,52,52,52

"CHUNK 4352,1024"
52,52,52,52,52,52,52,52,52,52,52,52,52,52,52,52
52,52,52,52,52,52,52,52,52,52,52,52,52,52,52,52
52,52,52,52,52,52,52,52,52,52,52,52,52,52,52,52
52,52,52,52,52,52,52,52,52,52,52,52,52,52,52,52
52,52,52,52,52,52,52,52,52,52,52,52,52,52,52,52
52,52,52,52,52,52,52,52,52,52,52,52,52,52,52,52
52,52,52,52,52,52,52,52,52,52,52,52,52,52,52,52
52,52,52,52,52,52,52,52,52,52,52,52,52,52,52,52
52,52,52,52,52,52,52,52,52,52,52,52,52,52,52,52
52,52,52,52,52,52,52,52,52,52,52,52,52,52,52,52
52,52,52,52,52,52,52,52,52,52,52,52,52,52,52,52
52,52,52,52,52,52,52,52,52,52,52,52,52,52,52,52
52,52,52,52,52,52,52,52,52,52,52,52,52,52,52,52
52,52,52,52,52,52,52,52,52,52,52,52,52,52,52,52
52,52,52,52,52,52,52,52,52,52,52,52,52,52,52,52
52,52,52,52,52,52,52,52,52,52,52,52,52,52,52,52

"CHUNK 4608,1024"
52,52,52,52,52,52,52,52,52,52,52,52,52,52,52,52
52,52,52,52,52,52,52,52,52,52,52,52,52,52,52,52
52,52,52,52,52,52,52,52,52,52,52,52,52,52,52,52
52,52,52,52,52,52,52,52,52,52,52,52,52,52,52,52
52,52,52,52,52,52,52,52,52,52,52,52,52,52,52,52
52,52,52,52,52,52,52,52,52,52,52,52,52,52,52,52
52,52,52,52,52,52,52,52,52,52,52,52,52,52,52,52
52,52,52,52,52,52,52,52,52,52,52,52,52,52,52,52
52,52,52,52,52,52,52,52,52,52,52,52,52,52,52,52
52,52,52,52,52,52,52,52,52,52,52,52,52,52,52,52
52,52,52,52,52,52,52,52,52,52,52,52,52,52,52,52
52,52,52,52,52,52,52,52,52,52,52,52,52,52,52,52
52,52,52,52,52,52,52,52,52,52,52,52,52,52,52,52
52,52,52,52,52,52,52,52,52,52,52,52,52,52,52,52
52,52,52,52,52,52,52,52,52,52,52,52,52,52,52,52
52,52,52,52,52,52,52,52,52,52,52,52,52,52,52,52

"CHUNK 4864,1024"
52,52,52,52,52,52,52,52,52,52,52,52,52,52,52,52
52,52,52,52,52,52,52,52,52,52,52,52,52,52,52,52
52,52,52,52,52,52,52,52,52,52,52,52,52,52,52,52
52,52,52,52,52,52,52,52,52,52,52,52,52,52,52,52
52,52,52,52,52,52,52,52,52,52,52,52,52,52,52,52
52,52,52,52,52,52,52,52,52,52,52,52,52,52,52,52
52,52,52,52,52,52,52,52,52,52,52,52,52,52,52,52
52,52,52,52,52,52,52,52,52,52,52,52,52,52,52,52
52,52,52,52,52,52,52,52,52,52,52,52,52,52,52,52
52,52,52,52,52,52,52,52,52,52,52,52,52,52,52,52
52,52,52,52,52,52,52,52,52,52,52,52,52,52,52,52
52,52,52,52,52,52,52,52,52,52,52,52,52,52,52,52
52,52,52,52,52,52,52,52,52,52,52,52,52,52,52,52
52,52,52,52,52,52,52,52,52,52,52,52,52,52,52,52
52,52,52,52,52,52,52,52,52,52,52,52,52,52,52,52
52,52,52,52,52,52,52,52,52,52,52,52,52,52,52,52

"CHUNK 0,1280"
52,52,52,52,52,53,53,53,53,53,53,53,53,53,53,53
52,52,52,52,52,53,53,53,53,53,53,53,53,53,53,53
52,52,52,52,52,53,53,53,53,53,53,53,53,53,53,53
52,52,52,52,52,53,53,53,53,53,53,53,53,53,53,53
52,52,52,52,52,53,53,53,53,53,53,53,53,53,53,53
52,52,52,52,52,53,53,53,53,53,53,53,53,53,53,53
52,52,52,52,52,53,53,53,53,53,53,53,53,53,53,53
52,52,52,52,52,53,53,53,53,53,53,53,53,53,53,53
52,52,52,52,52,53,53,53,53,53,53,53,53,53,53,53
52,52,52,52,52,53,53,53,53,53,53,53,53,53,53,53
52,52,52,52,52,53,53,53,53,53,53,53,53,53,53,53
52,52,52,52,52,53,53,53,53,53,53,53,53,53,53,53
52,52,52,52,52,53,53,53,53,53,53,53,53,53,53,53
52,52,52,52,52,53,53,53,53,53,53,53,53,53,53,53
52,52,52,52,52,53,53,53,53,53,53,53,53,53,53,53
52,52,52,52,52,53,53,53,53,53,53,53,53,53,53,53

"CHUNK 256,1280"
53,53,52,52,52,52,52,52,52,52,52,52,52,52,52,53
53,53,52,52,52,52,52,52,52,52,52,52,52,52,52,53
53,53,52,52,52,52,52,52,52,52,52,52,52,52,52,53
53,53,52,52,52,52,52,52,52,52,52,52,52,52,52,53
53,53,52,52,52,52,52,52,52,52,52,52,52,52,52,53
53,53,52,52,52,52,52,52,52,52,52,52,52,52,52,53
53,53,52,52,52,52,52,52,52,52,52,52,52,52,52,53
53,53,52,52,52,52,52,52,52,52,52,52,52,52,52,53
53,53,52,52,52,52,52,52,52,52,52,52,52,52,52,53
53,53,52,52,52,52,52,52,52,52,52,52,52,52,52,53
53,53,52,52,52,52,52,52,52,52,52,52,52,52,52,53
53,53,52,52,52,52,52,52,52,52,52,52,52,52,52,53
53,53,52,52,52,52,52,52,52,52,52,52,52,52,52,53
53,53,52,52,52,52,52,52,52,52,52,52,52,52,52,53
53,53,52,52,52,52,52,52,52,52,52,52,52,52,52,53
53,53,52,52,52,52,52,52,52,52,52,52,52,52,52,53

"CHUNK 512,1280"
53,53,53,53,53,53,53,53,53,53,53,53,52,52,52,52
53,53,53,53,53,53,53,53,53,53,53,53,52,52,52,52
53,53,53,53,53,53,53,53,53,53,53,53,52,52,52,52
53,53,53,53,53,53,53,53,53,53,53,53,52,52,52,52
53,53,53,53,53,53,53,53,53,53,53,53,52,52,52,52
53,53,53,53,53,53,53,53,53,53,53,53,52,52,52,52
53,53,53,53,53,53,53,53,53,53,53,53,52,52,52,52
53,53,53,53,53,53,53,53,53,53,53,53,52,52,52,52
53,53,53,53,53,53,53,53,53,53,53,53,52,52,52,52
53,53,53,53,53,53,53,53,53,53,53,53,52,52,52,52
53,53,53,53,53,53,53,53,53,53,53,53,52,52,52,52
53,53,53,53,53,53,53,53,53,53,53,53,52,52,52,52
53,53,53,53,53,53,53,53,53,53,53,53,52,52,52,52
53,53,53,53,53,53,53,53,53,53,53,53,52,52,52,52
53,53,53,53,53,53,53,53,53,53,53,53,52,52,52,52
53,53,53,53,53,53,53,53,53,53,53,53,52,52,52,52

"CHUNK 768,1280"
52,52,52,52,52,52,52,52,52,53,53,53,53,53,53,53
52,52,52,52,52,52,52,52,52,53,53,53,53,53,53,53
52,52,52,52,52,52,52,52,52,53,53,53,53,53,53,53
52,52,52,52,52,52,52,52,52,53,53,53,53,53,53,53
52,52,52,52,52,52,52,52,52,53,53,53,53,53,53,53
52,52,52,52,52,52,52,52,52,53,53,53,53,53,53,53
52,52,52,52,52,52,52,52,52,53,53,53,53,53,53,53
52,52,52,52,52,52,52,52,52,53,53,53,53,53,53,53
52,52,52,52,52,52,52,52,52,53,53,53,53,53,53,53
52,52,52,52,52,52,52,52,52,53,53,53,53,53,53,53
52,52,52,52,52,52,52,52,52,53,53,53,53,53,53,53
52,52,52,52,52,52,52,52,52,53,53,53,53,53,53,53
52,52,52,52,52,52,52,52,52,53,53,53,53,53,53,53
52,52,52,52,52,52,52,52,52,53,53,53,53,53,53,53
52,52,52,52,52,52,52,52,52,53,53,53,53,53,53,53
52,52,52,52,52,52,52,52,52,53,53,53,53,53,53,53

"CHUNK 1024,1280"
53,53,53,53,53,53,53,53,53,53,52,52,52,52,52,52
53,53,53,53,53,53,53,53,53,53,52,52,52,52,52,52
53,53,53,53,53,53,53,53,53,53,52,52,52,52,52,52
53,53,53,53,53,53,53,53,53,53,52,52,52,52,52,52
53,53,53,53,53,53,53,53,53,53,52,52,52,52,52,52
53,53,53,53,53,53,53,53,53,53,52,52,52,52,52,52
53,53,53,53,53,53,53,53,53,53,52,52,52,52,52,52
53,53,53,53,53,53,53,53,53,53,52,52,52,52,52,52
53,53,53,53,53,53,53,53,53,53,52,52,52,52,52,52
53,53,53,53,53,53,53,53,53,53,52,52,52,52,52,52
53,53,53,53,53,53,53,53,53,53,52,52,52,52,52,52
53,53,53,53,53,53,53,53,53,53,52,52,52,52,52,52
53,53,53,53,53,53,53,53,53,53,52,52,52,52,52,52
53,53,53,53,53,53,53,53,53,53,52,52,52,52,52,52
53,53,53,53,53,53,53,53,53,53,52,52,52,52,52,52
53,53,53,53,53,53,53,53,53,53,52,52,52,52,52,52

"CHUNK 1280,1280"
52,52,52,52,52,52,52,52,52,52,52,53,53,53,53,53
52,52,52,52,52,52,52,52,52,52,52,53,53,53,53,53
52,52,52,52,52,52,52,52,52,52,52,53,53,53,53,53
52,52,52,52,52,52,52,52,52,52,52,53,53,53,53,53
52,52,52,52,52,52,52,52,52,52,52,53,53,53,53,53
52,52,52,52,52,52,52,52,52,52,52,53,53,53,53,53
52,52,52,52,52,52,52,52,52,52,52,53,53,53,53,53
52,52,52,52,52,52,52,52,52,52,52,53,53,53,53,53
52,52,52,52,52,52,52,52,52,52,52,53,53,53,53,53
52,52,52,52,52,52,52,52,52,52,52,53,53,53,53,53
52,52,52,52,52,52,52,52,52,52,52,53,53,53,53,53
52,52,52,52,52,52,52,52,52,52,52,53,53,53,53,53
52,52,52,52,52,52,52,52,52,52,52,53,53,53,53,53
52,52,52,52,52,52,52,52,52,52,52,53,53,53,53,53
52,52,52,52,52,52,52,52,52,52,52,53,53,53,53,53
52,52,52,52,52,52,52,52,52,52,52,53,53,53,53,53

"CHUNK 1536,1280"
53,53,53,53,53,53,53,53,53,53,53,53,53,53,53,53
53,53,53,53,53,53,53,53,53,53,53,53,53,53,53,53
53,53,53,53,53,53,53,53,53,53,53,53,53,53,53,53
53,53,53,53,53,53,53,53,53,53,53,53,53,53,53,53
53,53,53,53,53,53,53,53,53,53,53,53,53,53,53,53
53,53,53,53,53,53,53,53,53,53,53,53,53,53,53,53
53,53,53,53,53,53,53,53,53,53,53,53,53,53,53,53
53,53,53,53,53,53,53,53,53,53,53,53,53,53,53,53
53,53,53,53,53,53,53,53,53,53,53,53,53,53,53,53
53,53,53,53,53,53,53,53,53,53,53,53,53,53,53,53
53,53,53,53,53,53,53,53,53,53,53,53,53,53,53,53
53,53,53,53,53,53,53,53,53,53,53,53,53,53,53,53
53,53,53,53,53,53,53,53,53,53,53,53,53,53,53,53
53,53,53,53,53,53,53,53,53,53,53,53,53,53,53,53
53,53,53,53,53,53,53,53,53,53,53,53,53,53,53,53
53,53,53,53,53,53,53,53,53,53,53,53,53,53,53,53

"CHUNK 1792,1280"
53,53,53,53,53,52,52,52,52,52,52,52,52,52,52,52
53,53,53,53,53,52,52,52,52,52,52,52,52,52,52,52
53,53,53,53,53,52,52,52,52,52,52,52,52,52,52,52
53,53,53,53,53,52,52,52,52,52,52,52,52,52,52,52
53,53,53,53,53,52,52,52,52,52,52,52,52,52,52,52
53,53,53,53,53,52,52,52,52,52,52,52,52,52,52,52
53,53,53,53,53,52,52,52,52,52,52,52,52,52,52,52
53,53,53,53,53,52,52,52,52,52,52,52,52,52,52,52
53,53,53,53,53,52,52,52,52,52,52,52,52,52,52,52
53,53,53,53,53,52,52,52,52,52,52,52,52,52,52,52
53,53,53,53,53,52,52,52,52,52,52,52,52,52,52,52
53,53,53,53,53,52,52,52,52,52,52,52,52,52,52,52
53,53,53,53,53,52,52,52,52,52,52,52,52,52,52,52
53,53,53,53,53,52,52,52,52,52,52,52,52,52,52,52
53,53,53,53,53,52,52,52,52,52,52,52,52,52,52,52
53,53,53,53,53,52,52,52,52,52,52,52,52,52,52,52

"CHUNK 2048,1280"
53,53,53,53,53,53,53,53,53,53,53,53,53,53,53,53
53,53,53,53,53,53,53,53,53,53,53,53,53,53,53,53
53,53,53,53,53,53,53,53,53,53,53,53,53,53,53,53
53,53,53,53,53,53,53,53,53,53,53,53,53,53,53,53
53,53,53,53,53,53,53,53,53,53,53,53,53,53,53,53
53,53,53,53,53,53,53,53,53,53,53,53,53,53,53,53
53,53,53,53,53,53,53,53,53,53,53,53,53,53,53,53
53,53,53,53,53,53,53,53,53,53,53,53,53,53,53,53
53,53,53,53,53,53,53,53,53,53,53,53,53,53,53,53
53,53,53,53,53,53,53,53,53,53,53,53,53,53,53,53
53,53,53,53,53,53,53,53,53,53,53,53,53,53,53,53
53,53,53,53,53,53,53,53,53,53,53,53,53,53,53,53
53,53,53,53,53,53,53,53,53,53,53,53,53,53,53,53
53,53,53,53,53,53,53,53,53,53,53,53,53,53,53,53
53,53,53,53,53,53,53,53,53,53,53,53,53,53,53,53
53,53,53,53,53,53,53,53,53,53,53,53,53,53,53,53

"CHUNK 2304,1280"
53,53,53,53,53,53,53,53,53,53,53,53,53,53,53,52
53,53,53,53,53,53,53,53,53,53,53,53,53,53,53,52
53,53,53,53,53,53,53,53,53,53,53,53,53,53,53,52
53,53,53,53,53,53,53,53,53,53,53,53,53,53,53,52
53,53,53,53,53,53,53,53,53,53,53,53,53,53,53,52
53,53,53,53,53,53,53,53,53,53,53,53,53,53,53,52
53,53,53,53,53,53,53,53,53,53,53,53,53,53,53,52
53,53,53,53,53,53,53,53,53,53,53,53,53,53,53,52
53,53,53,53,53,53,53,53,53,53,53,53,53,53,53,52
53,53,53,53,53,53,53,53,53,53,53,53,53,53,53,52
53,53,53,53,53,53,53,53,53,53,53,53,53,53,53,52
53,53,53,53,53,53,53,53,53,53,53,53,53,53,53,52
53,53,53,53,53,53,53,53,53,53,53,53,53,53,53,52
53,53,53,53,53,53,53,53,53,53,53,53,53,53,53,52
53,53,53,53,53,53,53,53,53,53,53,53,53,53,53,52
53,53,53,53,53,53,53,53,53,53,53,53,53,53,53,52

"CHUNK 2560,1280"
52,52,52,52,52,52,52,52,52,52,52,52,52,52,52,52
52,52,52,52,52,52,52,52,52,52,52,52,52,52,52,52
52,52,52,52,52,52,52,52,52,52,52,52,52,52,52,52
52,52,52,52,52,52,52,52,52,52,52,52,52,52,52,52
52,52,52,52,52,52,52,52,52,52,52,52,52,52,52,52
52,52,52,52,52,52,52,52,52,52,52,52,52,52,52,52
52,52,52,52,52,52,52,52,52,52,52,52,52,52,52,52
52,52,52,52,52,52,52,52,52,52,52,52,52,52,52,52
52,52,52,52,52,52,52,52,52,52,52,52,52,52,52,52
52,52,52,52,52,52,52,52,52,52,52,52,52,52,52,52
52,52,52,52,52,52,52,52,52,52,52,52,52,52,52,52
52,52,52,52,52,52,52,52,52,52,52,52,52,52,52,52
52,52,52,52,52,52,52,52,52,52,52,52,52,52,52,52
52,52,52,52,52,52,52,52,52,52,52,52,52,52,52,52
52,52,52,52,52,52,52,52,52,52,52,52,52,52,52,52
52,52,52,52,52,52,52,52,52,52,52,52,52,52,52,52

"CHUNK 2816,1280"
52,53,53,53,53,53,53,53,53,53,53,53,53,53,53,53
52,53,53,53,53,53,53,53,53,53,53,53,53,53,53,53
52,53,53,53,53,53,53,53,53,53,53,53,53,53,53,53
52,53,53,53,53,53,53,53,53,53,53,53,53,53,53,53
52,53,53,53,53,53,53,53,53,53,53,53,53,53,53,53
52,53,53,53,53,53,53,53,53,53,53,53,53,53,53,53
52,53,53,53,53,53,53,53,53,53,53,53,53,53,53,53
52,53,53,53,53,53,53,53,53,53,53,53,53,53,53,53
52,53,53,53,53,53,53,53,53,53,53,53,53,53,53,53
52,53,53,53,53,53,53,53,53,53,53,53,53,53,53,53
52,53,53,53,53,53,53,53,53,53,53,53,53,53,53,53
52,53,53,53,53,53,53,53,53,53,53,53,53,53,53,53
52,53,53,53,53,53,53,53,53,53,53,53,53,53,53,53
52,53,53,53,53,53,53,53,53,53,53,53,53,53,53,53
52,53,53,53,53,53,53,53,53,53,53,53,53,53,53,53
52,53,53,53,53,53,53,53,53,53,53,53,53,53,53,53

"CHUNK 3072,1280"
53,53,53,53,53,53,53,53,53,53,53,53,53,53,53,53
53,53,53,53,53,53,53,53,53,53,53,53,53,53,53,53
53,53,53,53,53,53,53,53,53,53,53,53,53,53,53,53
53,53,53,53,53,53,53,53,53,53,53,53,53,53,53,53
53,53,53,53,53,53,53,53,53,53,53,53,53,53,53,53
53,53,53,53,53,53,53,53,53,53,53,53,53,53,53,53
53,53,53,53,53,53,53,53,53,53,53,53,53,53,53,53
53,53,53,53,53,53,53,53,53,53,53,53,53,53,53,53
53,53,53,53,53,53,53,53,53,53,53,53,53,53,53,53
53,53,53,53,53,53,53,53,53,53,53,53,53,53,53,53
53,53,53,53,53,53,53,53,53,53,53,53,53,53,53,53
53,53,53,53,53,53,53,53,53,53,53,53,53,53,53,53
53,53,53,53,53,53,53,53,53,53,53,53,53,53,53,53
53,53,53,53,53,53,53,53,53,53,53,53,53,53,53,53
53,53,53,53,53,53,53,53,53,53,53,53,53,53,53,53
53,53,53,53,53,53,53,53,53,53,53,53,53,53,53,53

"CHUNK 3328,1280"
53,53,53,53,53,53,53,53,53,53,53,53,53,53,53,53
53,53,53,53,53,53,53,53,53,53,53,53,53,53,53,53
53,53,53,53,53,53,53,53,53,53,53,53,53,53,53,53
53,53,53,53,53,53,53,53,53,53,53,53,53,53,53,53
53,53,53,53,53,53,53,53,53,53,53,53,53,53,53,53
53,53,53,53,53,53,53,53,53,53,53,53,53,53,53,53
53,53,53,53,53,53,53,53,53,53,53,53,53,53,53,53
53,53,53,53,53,53,53,53,53,53,53,53,53,53,53,53
53,53,53,53,53,53,53,53,53,53,53,53,53,53,53,53
53,53,53,53,53,53,53,53,53,53,53,53,53,53,53,53
53,53,53,53,53,53,53,53,53,53,53,53,53,53,53,53
53,53,53,53,53,53,53,53,53,53,53,53,53,53,53,53
53,53,53,53,53,53,53,53,53,53,53,53,53,53,53,53
53,53,53,53,53,53,53,53,53,53,53,53,53,53,53,53
53,53,53,53,53,53,53,53,53,53,53,53,53,53,53,53
53,53,53,53,53,53,53,53,53,53,53,53,53,53,53,53

"CHUNK 3584,1280"
53,53,53,53,53,53,53,52,52,52,52,52,52,52,52,52
53,53,53,53,53,53,53,52,52,52,52,52,52,52,52,52
53,53,53,53,53,53,53,52,52,52,52,52,52,52,52,52
53,53,53,53,53,53,53,52,52,52,52,52,52,52,52,52
53,53,53,53,53,53,53,52,52,52,52,52,52,52,52,52
53,53,53,53,53,53,53,52,52,52,52,52,52,52,52,52
53,53,53,53,53,53,53,52,52,52,52,52,52,52,52,52
53,53,53,53,53,53,53,52,52,52,52,52,52,52,52,52
53,53,53,53,53,53,53,52,52,52,52,52,52,52,52,52
53,53,53,53,53,53,53,52,52,52,52,52,52,52,52,52
53,53,53,53,53,53,53,52,52,52,52,52,52,52,52,52
53,53,53,53,53,53,53,52,52,52,52,52,52,52,52,52
53,53,53,53,53,53,53,52,52,52,52,52,52,52,52,52
53,53,53,53,53,53,53,52,52,52,52,52,52,52,52,52
53,53,53,53,53,53,53,52,52,52,52,52,52,52,52,52
53,53,53,53,53,53,53,52,52,52,52,52,52,52,52,52

"CHUNK 3840,1280"
52,52,52,52,52,52,52,52,52,52,52,52,52,52,52,52
52,52,52,52,52,52,52,52,52,52,52,52,52,52,52,52
52,52,52,52,52,52,52,52,52,52,52,52,52,52,52,52
52,52,52,52,52,52,52,52,52,52,52,52,52,52,52,52
52,52,52,52,52,52,52,52,52,52,52,52,52,52,52,52
52,52,52,52,52,52,52,52,52,52,52,52,52,52,52,52
52,52,52,52,52,52,52,52,52,52,52,52,52,52,52,52
52,52,52,52,52,52,52,52,52,52,52,52,52,52,52,52
52,52,52,52,52,52,52,52,52,52,52,52,52,52,52,52
52,52,52,52,52,52,52,52,52,52,52,52,52,52,52,52
52,52,52,52,52,52,52,52,52,52,52,52,52,52,52,52
52,52,52,52,52,52,52,52,52,52,52,52,52,52,52,52
52,52,52,52,52,52,52,52,52,52,52,52,52,52,52,52
52,52,52,52,52,52,52,52,52,52,52,52,52,52,52,52
52,52,52,52,52,52,52,52,52,52,52,52,52,52,52,52
52,52,52,52,52,52,52,52,52,52,52,52,52,52,52,52

"CHUNK 4096,1280"
52,52,52,52,52,52,52,52,52,52,52,52,52,52,52,52
52,52,52,52,52,52,52,52,52,52,52,52,52,52,52,52
52,52,52,52,52,52,52,52,52,52,52,52,52,52,52,52
52,52,52,52,52,52,52,52,52,52,52,52,52,52,52,52
52,52,52,52,52,52,52,52,52,52,52,52,52,52,52,52
52,52,52,52,52,52,52,52,52,52,52,52,52,52,52,52
52,52,52,52,52,52,52,52,52,52,52,52,52,52,52,52
52,52,52,52,52,52,52,52,52,52,52,52,52,52,52,52
52,52,52,52,52,52,52,52,52,52,52,52,52,52,52,52
52,52,52,52,52,52,52,52,52,52,52,52,52,52,52,52
52,52,52,52,52,52,52,52,52,52,52,52,52,52,52,52
52,52,52,52,52,52,52,52,52,52,52,52,52,52,52,52
52,52,52,52,52,52,52,52,52,52,52,52,52,52,52,52
52,52,52,52,52,52,52,52,52,52,52,52,52,52,52,52
52,52,52,52,52,52,52,52,52,52,52,52,52,52,52,52
52,52,52,52,52,52,52,52,52,52,52,52,52,52,52,52

"CHUNK 4352,1280"
52,52,52,52,52,52,52,52,52,52,52,52,52,52,52,52
52,52,52,52,52,52,52,52,52,52,52,52,52,52,52,52
52,52,52,52,52,52,52,52,52,52,52,52,52,52,52,52
52,52,52,52,52,52,52,52,52,52,52,52,52,52,52,52
52,52,52,52,52,52,52,52,52,52,52,52,52,52,52,52
52,52,52,52,52,52,52,52,52,52,52,52,52,52,52,52
52,52,52,52,52,52,52,52,52,52,52,52,52,52,52,52
52,52,52,52,52,52,52,52,52,52,52,52,52,52,52,52
52,52,52,52,52,52,52,52,52,52,52,52,52,52,52,52
52,52,52,52,52,52,52,52,52,52,52,52,52,52,52,52
52,52,52,52,52,52,52,52,52,52,52,52,52,52,52,52
52,52,52,52,52,52,52,52,52,52,52,52,52,52,52,52
52,52,52,52,52,52,52,52,52,52,52,52,52,52,52,52
52,52,52,52,52,52,52,52,52,52,52,52,52,52,52,52
52,52,52,52,52,52,52,52,52,52,52,52,52,52,52,52
52,52,52,52,52,52,52,52,52,52,52,52,52,52,52,52

"CHUNK 4608,1280"
52,52,52,52,52,52,52,52,52,52,52,52,52,52,52,52
52,52,52,52,52,52,52,52,52,52,52,52,52,52,52,52
52,52,52,52,52,52,52,52,52,52,52,52,52,52,52,52
52,52,52,52,52,52,52,52,52,52,52,52,52,52,52,52
52,52,52,52,52,52,52,52,52,52,52,52,52,52,52,52
52,52,52,52,52,52,52,52,52,52,52,52,52,52,52,52
52,52,52,52,52,52,52,52,52,52,52,52,52,52,52,52
52,52,52,52,52,52,52,52,52,52,52,52,52,52,52,52
52,52,52,52,52,52,52,52,52,52,52,52,52,52,52,52
52,52,52,52,52,52,52,52,52,52,52,52,52,52,52,52
52,52,52,52,52,52,52,52,52,52,52,52,52,52,52,52
52,52,52,52,52,52,52,52,52,52,52,52,52,52,52,52
52,52,52,52,52,52,52,52,52,52,52,52,52,52,52,52
52,52,52,52,52,52,52,52,52,52,52,52,52,52,52,52
52,52,52,52,52,52,52,52,52,52,52,52,52,52,52,52
52,52,52,52,52,52,52,52,52,52,52,52,52,52,52,52

"CHUNK 4864,1280"
52,52,52,52,52,52,52,52,52,52,52,52,52,52,52,52
52,52,52,52,52,52,52,52,52,52,52,52,52,52,52,52
52,52,52,52,52,52,52,52,52,52,52,52,52,52,52,52
52,52,52,52,52,52,52,52,52,52,52,52,52,52,52,52
52,52,52,52,52,52,52,52,52,52,52,52,52,52,52,52
52,52,52,52,52,52,52,52,52,52,52,52,52,52,52,52
52,52,52,52,52,52,52,52,52,52,52,52,52,52,52,52
52,52,52,52,52,52,52,52,52,52,52,52,52,52,52,52
52,52,52,52,52,52,52,52,52,52,52,52,52,52,52,52
52,52,52,52,52,52,52,52,52,52,52,52,52,52,52,52
52,52,52,52,52,52,52,52,52,52,52,52,52,52,52,52
52,52,52,52,52,52,52,52,52,52,52,52,52,52,52,52
52,52,52,52,52,52,52,52,52,52,52,52,52,52,52,52
52,52,52,52,52,52,52,52,52,52,52,52,52,52,52,52
52,52,52,52,52,52,52,52,52,52,52,52,52,52,52,52
52,52,52,52,52,52,52,52,52,52,52,52,52,52,52,52

"CHUNK 0,1536"
52,52,52,52,52,53,53,53,53,53,53,53,53,53,53,53
52,52,52,52,52,53,53,53,53,53,53,53,53,53,53,53
52,52,52,52,52,53,53,53,53,53,53,53,53,53,53,53
52,52,52,52,52,53,53,53,53,53,53,53,53,53,53,53
52,52,52,52,52,53,53,53,53,53,53,53,53,53,53,53
52,52,52,52,52,53,53,53,53,53,53,53,53,53,53,53
52,52,52,52,52,53,53,53,53,53,53,53,53,53,53,53
52,52,52,52,52,53,53,53,53,53,53,53,53,53,53,53
52,52,52,52,52,53,53,53,53,53,53,53,53,53,53,53
52,52,52,52,52,53,53,53,53,53,53,53,53,53,53,53
52,52,52,52,52,53,53,53,53,53,53,53,53,53,53,53
52,52,52,52,52,53,53,53,53,53,53,53,53,53,53,53
52,52,52,52,52,53,53,53,53,53,53,53,53,53,53,53
52,52,52,52,52,53,53,53,53,53,53,53,53,53,53,53
52,52,52,52,52,53,53,53,53,53,53,53,53,53,53,53
52,52,52,52,52,53,53,53,53,53,53,53,53,53,53,53

"CHUNK 256,1536"
53,53,52,52,52,52,52,52,52,52,52,52,52,52,52,53
53,53,52,52,52,52,52,52,52,52,52,52,52,52,52,53
53,53,52,52,52,52,52,52,52,52,52,52,52,52,52,53
53,53,52,52,52,52,52,52,52,52,52,52,52,52,52,53
53,53,52,52,52,52,52,52,52,52,52,52,52,52,52,53
53,53,52,52,52,52,52,52,52,52,52,52,52,52,52,53
53,53,52,52,52,52,52,52,52,52,52,52,52,52,52,53
53,53,52,52,52,52,52,52,52,52,52,52,52,52,52,53
53,53,52,52,52,52,52,52,52,52,52,52,52,52,52,53
53,53,52,52,52,52,52,52,52,52,52,52,52,52,52,53
53,53,52,52,52,52,52,52,52,52,52,52,52,52,52,53
53,53,52,52,52,52,52,52,52,52,52,52,52,52,52,53
53,53,52,52,52,52,52,52,52,52,52,52,52,52,52,53
53,53,52,52,52,52,52,52,52,52,52,52,52,52,52,53
53,53,52,52,52,52,52,52,52,52,52,52,52,52,52,53
53,53,52,52,52,52,52,52,52,52,52,52,52,52,52,53

"CHUNK 512,1536"
53,53,53,53,53,53,53,53,53,53,53,53,52,52,52,52
53,53,53,53,53,53,53,53,53,53,53,53,52,52,52,52
53,53,53,53,53,53,53,53,53,53,53,53,52,52,52,52
53,53,53,53,53,53,53,53,53,53,53,53,52,52,52,52
53,53,53,53,53,53,53,53,53,53,53,53,52,52,52,52
53,53,53,53,53,53,53,53,53,53,53,53,52,52,52,52
53,53,53,53,53,53,53,53,53,53,53,53,52,52,52,52
53,53,53,53,53,53,53,53,53,53,53,53,52,52,52,52
53,53,53,53,53,53,53,53,53,53,53,53,52,52,52,52
53,53,53,53,53,53,53,53,53,53,53,53,52,52,52,52
53,53,53,53,53,53,53,53,53,53,53,53,52,52,52,52
53,53,53,53,53,53,53,53,53,53,53,53,52,52,52,52
53,53,53,53,53,53,53,53,53,53,53,53,52,52,52,52
53,53,53,53,53,53,53,53,53,53,53,53,52,52,52,52
53,53,53,53,53,53,53,53,53,53,53,53,52,52,52,52
53,53,53,53,53,53,53,53,53,53,53,53,52,52,52,52

"CHUNK 768,1536"
52,52,52,52,52,52,52,52,52,53,53,53,53,53,53,53
52,52,52,52,52,52,52,52,52,53,53,53,53,53,53,53
52,52,52,52,52,52,52,52,52,53,53,53,53,53,53,53
52,52,52,52,52,52,52,52,52,53,53,53,53,53,53,53
52,52,52,52,52,52,52,52,52,53,53,53,53,53,53,53
52,52,52,52,52,52,52,52,52,53,53,53,53,53,53,53
52,52,52,52,52,52,52,52,52,53,53,53,53,53,53,53
52,52,52,52,52,52,52,52,52,53,53,53,53,53,53,53
52,52,52,52,52,52,52,52,52,53,53,53,53,53,53,53
52,52,52,52,52,52,52,52,52,53,53,53,53,53,53,53
52,52,52,52,52,52,52,52,52,53,53,53,53,53,53,53
52,52,52,52,52,52,52,52,52,53,53,53,53,53,53,53
52,52,52,52,52,52,52,52,52,53,53,53,53,53,53,53
52,52,52,52,52,52,52,52,52,53,53,53,53,53,53,53
52,52,52,52,52,52,52,52,52,53,53,53,53,53,53,53
52,52,52,52,52,52,52,52,52,53,53,53,53,53,53,53

"CHUNK 1024,1536"
53,53,53,53,53,53,53,53,53,53,52,52,52,52,52,52
53,53,53,53,53,53,53,53,53,53,52,52,52,52,52,52
53,53,53,53,53,53,53,53,53,53,52,52,52,52,52,52
53,53,53,53,53,53,53,53,53,53,52,52,52,52,52,52
53,53,53,53,53,53,53,53,53,53,52,52,52,52,52,52
53,53,53,53,53,53,53,53,53,53,52,52,52,52,52,52
53,53,53,53,53,53,53,53,53,53,52,52,52,52,52,52
53,53,53,53,53,53,53,53,53,53,52,52,52,52,52,52
53,53,53,53,53,53,53,53,53,53,52,52,52,52,52,52
53,53,53,53,53,53,53,53,53,53,52,52,52,52,52,52
53,53,53,53,53,53,53,53,53,53,52,52,52,52,52,52
53,53,53,53,53,53,53,53,53,53,52,52,52,52,52,52
53,53,53,53,53,53,53,53,53,53,52,52,52,52,52,52
53,53,53,53,53,53,53,53,53,53,52,52,52,52,52,52
53,53,53,53,53,53,53,53,53,53,52,52,52,52,52,52
53,53,53,53,53,53,53,53,53,53,52,52,52,52,52,52

"CHUNK 1280,1536"
52,52,52,52,52,52,52,52,52,52,52,53,53,53,53,53
52,52,52,52,52,52,52,52,52,52,52,53,53,53,53,53
52,52,52,52,52,52,52,52,52,52,52,53,53,53,53,53
52,52,52,52,52,52,52,52,52,52,52,53,53,53,53,53
52,52,52,52,52,52,52,52,52,52,52,53,53,53,53,53
52,52,52,52,52,52,52,52,52,52,52,53,53,53,53,53
52,52,52,52,52,52,52,52,52,52,52,53,53,53,53,53
52,52,52,52,52,52,52,52,52,52,52,53,53,53,53,53
52,52,52,52,52,52,52,52,52,52,52,53,53,53,53,53
52,52,52,52,52,52,52,52,52,52,52,53,53,53,53,53
52,52,52,52,52,52,52,52,52,52,52,53,53,53,53,53
52,52,52,52,52,52,52,52,52,52,52,53,53,53,53,53
52,52,52,52,52,52,52,52,52,52,52,53,53,53,53,53
52,52,52,52,52,52,52,52,52,52,52,53,53,53,53,53
52,52,52,52,52,52,52,52,52,52,52,53,53,53,53,53
52,52,52,52,52,52,52,52,52,52,52,53,53,53,53,53

"CHUNK 1536,1536"
53,53,53,53,53,53,53,53,53,53,53,53,53,53,53,53
53,53,53,53,53,53,53,53,53,53,53,53,53,53,53,53
53,53,53,53,53,53,53,53,53,53,53,53,53,53,53,53
53,53,53,53,53,53,53,53,53,53,53,53,53,53,53,53
53,53,53,53,53,53,53,53,53,53,53,53,53,53,53,53
53,53,53,53,53,53,53,53,53,53,53,53,53,53,53,53
53,53,53,53,53,53,53,53,53,53,53,53,53,53,53,53
53,53,53,53,53,53,53,53,53,53,53,53,53,53,53,53
53,53,53,53,53,53,53,53,53,53,53,53,53,53,53,53
53,53,53,53,53,53,53,53,53,53,53,53,53,53,53,53
53,53,53,53,53,53,53,53,53,53,53,53,53,53,53,53
53,53,53,53,53,53,53,53,53,53,53,53,53,53,53,53
53,53,53,53,53,53,53,53,53,53,53,53,53,53,53,53
53,53,53,53,53,53,53,53,53,53,53,53,53,53,53,53
53,53,53,53,53,53,53,53,53,53,53,53,53,53,53,53
53,53,53,53,53,53,53,53,53,53,53,53,53,53,53,53

"CHUNK 1792,1536"
53,53,53,53,53,52,52,52,52,52,52,52,52,52,52,52
53,53,53,53,53,52,52,52,52,52,52,52,52,52,52,52
53,53,53,53,53,52,52,52,52,52,52,52,52,52,52,52
53,53,53,53,53,52,52,52,52,52,52,52,52,52,52,52
53,53,53,53,53,52,52,52,52,52,52,52,52,52,52,52
53,53,53,53,53,52,52,52,52,52,52,52,52,52,52,52
53,53,53,53,53,52,52,52,52,52,52,52,52,52,52,52
53,53,53,53,53,52,52,52,52,52,52,52,52,52,52,52
53,53,53,53,53,52,52,52,52,52,52,52,52,52,52,52
53,53,53,53,53,52,52,52,52,52,52,52,52,52,52,52
53,53,53,53,53,52,52,52,52,52,52,52,52,52,52,52
53,53,53,53,53,52,52,52,52,52,52,52,52,52,52,52
53,53,53,53,53,52,52,52,52,52,52,52,52,52,52,52
53,53,53,53,53,52,52,52,52,52,52,52,52,52,52,52
53,53,53,53,53,52,52,52,52,52,52,52,52,52,52,52
53,53,53,53,53,52,52,52,52,52,52,52,52,52,52,52

"CHUNK 2048,1536"
53,53,53,53,53,53,53,53,53,53,53,53,53,53,53,53
53,53,53,53,53,53,53,53,53,53,53,53,53,53,53,53
53,53,53,53,53,53,53,53,53,53,53,53,53,53,53,53
53,53,53,53,53,53,53,53,53,53,53,53,53,53,53,53
53,53,53,53,53,53,53,53,53,53,53,53,53,53,53,53
53,53,53,53,53,53,53,53,53,53,53,53,53,53,53,53
53,53,53,53,53,53,53,53,53,53,53,53,53,53,53,53
53,53,53,53,53,53,53,53,53,53,53,53,53,53,53,53
53,53,53,53,53,53,53,53,53,53,53,53,53,53,53,53
53,53,53,53,53,53,53,53,53,53,53,53,53,53,53,53
53,53,53,53,53,53,53,53,53,53,53,53,53,53,53,53
53,53,53,53,53,53,53,53,53,53,53,53,53,53,53,53
53,53,53,53,53,53,53,53,53,53,53,53,53,53,53,53
53,53,53,53,53,53,53,53,53,53,53,53,53,53,53,53
53,53,53,53,53,53,53,53,53,53,53,53,53,53,53,53
53,53,53,53,53,53,53,53,53,53,53,53,53,53,53,53

"CHUNK 2304,1536"
53,53,53,53,53,53,53,53,53,53,53,53,53,53,53,52
53,53,53,53,53,53,53,53,53,53,53,53,53,53,53,52
53,53,53,53,53,53,53,53,53,53,53,53,53,53,53,52
53,53,53,53,53,53,53,53,53,53,53,53,53,53,53,52
53,53,53,53,53,53,53,53,53,53,53,53,53,53,53,52
53,53,53,53,53,53,53,53,53,53,53,53,53,53,53,52
53,53,53,53,53,53,53,53,53,53,53,53,53,53,53,52
53,53,53,53,53,53,53,53,53,53,53,53,53,53,53,52
53,53,53,53,53,53,53,53,53,53,53,53,53,53,53,52
53,53,53,53,53,53,53,53,53,53,53,53,53,53,53,52
53,53,53,53,53,53,53,53,53,53,53,53,53,53,53,52
53,53,53,53,53,53,53,53,53,53,53,53,53,53,53,52
53,53,53,53,53,53,53,53,53,53,53,53,53,53,53,52
53,53,53,53,53,53,53,53,53,53,53,53,53,53,53,52
53,53,53,53,53,53,53,53,53,53,53,53,53,53,53,52
53,53,53,53,53,53,53,53,53,53,53,53,53,53,53,52

"CHUNK 2560,1536"
52,52,52,52,52,52,52,52,52,52,52,52,52,52,52,52
52,52,52,52,52,52,52,52,52,52,52,52,52,52,52,52
52,52,52,52,52,52,52,52,52,52,52,52,52,52,52,52
52,52,52,52,52,52,52,52,52,52,52,52,52,52,52,52
52,52,52,52,52,52,52,52,52,52,52,52,52,52,52,52
52,52,52,52,52,52,52,52,52,52,52,52,52,52,52,52
52,52,52,52,52,52,52,52,52,52,52,52,52,52,52,52
52,52,52,52,52,52,52,52,52,52,52,52,52,52,52,52
52,52,52,52,52,52,52,52,52,52,52,52,52,52,52,52
52,52,52,52,52,52,52,52,52,52,52,52,52,52,52,52
52,52,52,52,52,52,52,52,52,52,52,52,52,52,52,52
52,52,52,52,52,52,52,52,52,52,52,52,52,52,52,52
52,52,52,52,52,52,52,52,52,52,52,52,52,52,52,52
52,52,52,52,52,52,52,52,52,52,52,52,52,52,52,52
52,52,52,52,52,52,52,52,52,52,52,52,52,52,52,52
52,52,52,52,52,52,52,52,52,52,52,52,52,52,52,52

"CHUNK 2816,1536"
52,53,53,53,53,53,53,53,53,53,53,53,53,53,53,53
52,53,53,53,53,53,53,53,53,53,53,53,53,53,53,53
52,53,53,53,53,53,53,53,53,53,53,53,53,53,53,53
52,53,53,53,53,53,53,53,53,53,53,53,53,53,53,53
52,53,53,53,53,53,53,53,53,53,53,53,53,53,53,53
52,53,53,53,53,53,53,53,53,53,53,53,53,53,53,53
52,53,53,53,53,53,53,53,53,53,53,53,53,53,53,53
52,53,53,53,53,53,53,53,53,53,53,53,53,53,53,53
52,53,53,53,53,53,53,53,53,53,53,53,53,53,53,53
52,53,53,53,53,53,53,53,53,53,53,53,53,53,53,53
52,53,53,53,53,53,53,53,53,53,53,53,53,53,53,53
52,53,53,53,53,53,53,53,53,53,53,53,53,53,53,53
52,53,53,53,53,53,53,53,53,53,53,53,53,53,53,53
52,53,53,53,53,53,53,53,53,53,53,53,53,53,53,53
52,53,53,53,53,53,53,53,53,53,53,53,53,53,53,53
52,53,53,53,53,53,53,53,53,53,53,53,53,53,53,53

"CHUNK 3072,1536"
53,53,53,53,53,53,53,53,53,53,53,53,53,53,53,53
53,53,53,53,53,53,53,53,53,53,53,53,53,53,53,53
53,53,53,53,53,53,53,53,53,53,53,53,53,53,53,53
53,53,53,53,53,53,53,53,53,53,53,53,53,53,53,53
53,53,53,53,53,53,53,53,53,53,53,53,53,53,53,53
53,53,53,53,53,53,53,53,53,53,53,53,53,53,53,53
53,53,53,53,53,53,53,53,53,53,53,53,53,53,53,53
53,53,53,53,53,53,53,53,53,53,53,53,53,53,53,53
53,53,53,53,53,53,53,53,53,53,53,53,53,53,53,53
53,53,53,53,53,53,53,53,53,53,53,53,53,53,53,53
53,53,53,53,53,53,53,53,53,53,53,53,53,53,53,53
53,53,53,53,53,53,53,53,53,53,53,53,53,53,53,53
53,53,53,53,53,53,53,53,53,53,53,53,53,53,53,53
53,53,53,53,53,53,53,53,53,53,53,53,53,53,53,53
53,53,53,53,53,53,53,53,53,53,53,53,53,53,53,53
53,53,53,53,53,53,53,53,53,53,53,53,53,53,53,53

"CHUNK 3328,1536"
53,53,53,53,53,53,53,53,53,53,53,53,53,53,53,53
53,53,53,53,53,53,53,53,53,53,53,53,53,53,53,53
53,53,53,53,53,53,53,53,53,53,53,53,53,53,53,53
53,53,53,53,53,53,53,53,53,53,53,53,53,53,53,53
53,53,53,53,53,53,53,53,53,53,53,53,53,53,53,53
53,53,53,53,53,53,53,53,53,53,53,53,53,53,53,53
53,53,53,53,53,53,53,53,53,53,53,53,53,53,53,53
53,53,53,53,53,53,53,53,53,53,53,53,53,53,53,53
53,53,53,53,53,53,53,53,53,53,53,53,53,53,53,53
53,53,53,53,53,53,53,53,53,53,53,53,53,53,53,53
53,53,53,53,53,53,53,53,53,53,53,53,53,53,53,53
53,53,53,53,53,53,53,53,53,53,53,53,53,53,53,53
53,53,53,53,53,53,53,53,53,53,53,53,53,53,53,53
53,53,53,53,53,53,53,53,53,53,53,53,53,53,53,53
53,53,53,53,53,53,53,53,53,53,53,53,53,53,53,53
53,53,53,53,53,53,53,53,53,53,53,53,53,53,53,53

"CHUNK 3584,1536"
53,53,53,53,53,53,53,52,52,52,52,52,52,52,52,52
53,53,53,53,53,53,53,52,52,52,52,52,52,52,52,52
53,53,53,53,53,53,53,52,52,52,52,52,52,52,52,52
53,53,53,53,53,53,53,52,52,52,52,52,52,52,52,52
53,53,53,53,53,53,53,52,52,52,52,52,52,52,52,52
53,53,53,53,53,53,53,52,52,52,52,52,52,52,52,52
53,53,53,53,53,53,53,52,52,52,52,52,52,52,52,52
53,53,53,53,53,53,53,52,52,52,52,52,52,52,52,52
53,53,53,53,53,53,53,52,52,52,52,52,52,52,52,52
53,53,53,53,53,53,53,52,52,52,52,52,52,52,52,52
53,53,53,53,53,53,53,52,52,52,52,52,52,52,52,52
53,53,53,53,53,53,53,52,52,52,52,52,52,52,52,52
53,53,53,53,53,53,53,52,52,52,52,52,52,52,52,52
53,53,53,53,53,53,53,52,52,52,52,52,52,52,52,52
53,53,53,53,53,53,53,52,52,52,52,52,52,52,52,52
53,53,53,53,53,53,53,52,52,52,52,52,52,52,52,52

"CHUNK 3840,1536"
52,52,52,52,52,52,52,52,52,52,52,52,52,52,52,52
52,52,52,52,52,52,52,52,52,52,52,52,52,52,52,52
52,52,52,52,52,52,52,52,52,52,52,52,52,52,52,52
52,52,52,52,52,52,52,52,52,52,52,52,52,52,52,52
52,52,52,52,52,52,52,52,52,52,52,52,52,52,52,52
52,52,52,52,52,52,52,52,52,52,52,52,52,52,52,52
52,52,52,52,52,52,52,52,52,52,52,52,52,52,52,52
52,52,52,52,52,52,52,52,52,52,52,52,52,52,52,52
52,52,52,52,52,52,52,52,52,52,52,52,52,52,52,52
52,52,52,52,52,52,52,52,52,52,52,52,52,52,52,52
52,52,52,52,52,52,52,52,52,52,52,52,52,52,52,52
52,52,52,52,52,52,52,52,52,52,52,52,52,52,52,52
52,52,52,52,52,52,52,52,52,52,52,52,52,52,52,52
52,52,52,52,52,52,52,52,52,52,52,52,52,52,52,52
52,52,52,52,52,52,52,52,52,52,52,52,52,52,52,52
52,52,52,52,52,52,52,52,52,52,52,52,52,52,52,52

"CHUNK 4096,1536"
52,52,52,52,52,52,52,52,52,52,52,52,52,52,52,52
52,52,52,52,52,52,52,52,52,52,52,52,52,52,52,52
52,52,52,52,52,52,52,52,52,52,52,52,52,52,52,52
52,52,52,52,52,52,52,52,52,52,52,52,52,52,52,52
52,52,52,52,52,52,52,52,52,52,52,52,52,52,52,52
52,52,52,52,52,52,52,52,52,52,52,52,52,52,52,52
52,52,52,52,52,52,52,52,52,52,52,52,52,52,52,52
52,52,52,52,52,52,52,52,52,52,52,52,52,52,52,52
52,52,52,52,52,52,52,52,52,52,52,52,52,52,52,52
52,52,52,52,52,52,52,52,52,52,52,52,52,52,52,52
52,52,52,52,52,52,52,52,52,52,52,52,52,52,52,52
52,52,52,52,52,52,52,52,52,52,52,52,52,52,52,52
52,52,52,52,52,52,52,52,52,52,52,52,52,52,52,52
52,52,52,52,52,52,52,52,52,52,52,52,52,52,52,52
52,52,52,52,52,52,52,52,52,52,52,52,52,52,52,52
52,52,52,52,52,52,52,52,52,52,52,52,52,52,52,52

"CHUNK 4352,1536"
52,52,52,52,52,52,52,52,52,52,52,52,52,52,52,52
52,52,52,52,52,52,52,52,52,52,52,52,52,52,52,52
52,52,52,52,52,52,52,52,52,52,52,52,52,52,52,52
52,52,52,52,52,52,52,52,52,52,52,52,52,52,52,52
52,52,52,52,52,52,52,52,52,52,52,52,52,52,52,52
52,52,52,52,52,52,52,52,52,52,52,52,52,52,52,52
52,52,52,52,52,52,52,52,52,52,52,52,52,52,52,52
52,52,52,52,52,52,52,52,52,52,52,52,52,52,52,52
52,52,52,52,52,52,52,52,52,52,52,52,52,52,52,52
52,52,52,52,52,52,52,52,52,52,52,52,52,52,52,52
52,52,52,52,52,52,52,52,52,52,52,52,52,52,52,52
52,52,52,52,52,52,52,52,52,52,52,52,52,52,52,52
52,52,52,52,52,52,52,52,52,52,52,52,52,52,52,52
52,52,52,52,52,52,52,52,52,52,52,52,52,52,52,52
52,52,52,52,52,52,52,52,52,52,52,52,52,52,52,52
52,52,52,52,52,52,52,52,52,52,52,52,52,52,52,52

"CHUNK 4608,1536"
52,52,52,52,52,52,52,52,52,52,52,52,52,52,52,52
52,52,52,52,52,52,52,52,52,52,52,52,52,52,52,52
52,52,52,52,52,52,52,52,52,52,52,52,52,52,52,52
52,52,52,52,52,52,52,52,52,52,52,52,52,52,52,52
52,52,52,52,52,52,52,52,52,52,52,52,52,52,52,52
52,52,52,52,52,52,52,52,52,52,52,52,52,52,52,52
52,52,52,52,52,52,52,52,52,52,52,52,52,52,52,52
52,52,52,52,52,52,52,52,52,52,52,52,52,52,52,52
52,52,52,52,52,52,52,52,52,52,52,52,52,52,52,52
52,52,52,52,52,52,52,52,52,52,52,52,52,52,52,52
52,52,52,52,52,52,52,52,52,52,52,52,52,52,52,52
52,52,52,52,52,52,52,52,52,52,52,52,52,52,52,52
52,52,52,52,52,52,52,52,52,52,52,52,52,52,52,52
52,52,52,52,52,52,52,52,52,52,52,52,52,52,52,52
52,52,52,52,52,52,52,52,52,52,52,52,52,52,52,52
52,52,52,52,52,52,52,52,52,52,52,52,52,52,52,52

"CHUNK 4864,1536"
52,52,52,52,52,52,52,52,52,52,52,52,52,52,52,52
52,52,52,52,52,52,52,52,52,52,52,52,52,52,52,52
52,52,52,52,52,52,52,52,52,52,52,52,52,52,52,52
52,52,52,52,52,52,52,52,52,52,52,52,52,52,52,52
52,52,52,52,52,52,52,52,52,52,52,52,52,52,52,52
52,52,52,52,52,52,52,52,52,52,52,52,52,52,52,52
52,52,52,52,52,52,52,52,52,52,52,52,52,52,52,52
52,52,52,52,52,52,52,52,52,52,52,52,52,52,52,52
52,52,52,52,52,52,52,52,52,52,52,52,52,52,52,52
52,52,52,52,52,52,52,52,52,52,52,52,52,52,52,52
52,52,52,52,52,52,52,52,52,52,52,52,52,52,52,52
52,52,52,52,52,52,52,52,52,52,52,52,52,52,52,52
52,52,52,52,52,52,52,52,52,52,52,52,52,52,52,52
52,52,52,52,52,52,52,52,52,52,52,52,52,52,52,52
52,52,52,52,52,52,52,52,52,52,52,52,52,52,52,52
52,52,52,52,52,52,52,52,52,52,52,52,52,52,52,52

"CHUNK 0,1792"
52,52,52,52,52,53,53,53,53,53,53,53,53,53,53,53
52,52,52,52,52,53,53,53,53,53,53,53,53,53,53,53
52,52,52,52,52,53,53,53,53,53,53,53,53,53,53,53
52,52,52,52,52,53,53,53,53,53,53,53,53,53,53,53
52,52,52,52,52,53,53,53,53,53,53,53,53,53,53,53
52,52,52,52,52,53,53,53,53,53,53,53,53,53,53,53
52,52,52,52,52,53,53,53,53,53,53,53,53,53,53,53
52,52,52,52,52,53,53,53,53,53,53,53,53,53,53,53
52,52,52,52,52,53,53,53,53,53,53,53,53,53,53,53
52,52,52,52,52,53,53,53,53,53,53,53,53,53,53,53
52,52,52,52,52,53,53,53,53,53,53,53,53,53,53,53
52,52,52,52,52,53,53,53,53,53,53,53,53,53,53,53
52,52,52,52,52,53,53,53,53,53,53,53,53,53,53,53
52,52,52,52,52,53,53,53,53,53,53,53,53,53,53,53
52,52,52,52,52,53,53,53,53,53,53,53,53,53,53,53
52,52,52,52,52,53,53,53,53,53,53,53,53,53,53,53

"CHUNK 256,1792"
53,53,52,52,52,52,52,52,52,52,52,52,52,52,52,53
53,53,52,52,52,52,52,52,52,52,52,52,52,52,52,53
53,53,52,52,52,52,52,52,52,52,52,52,52,52,52,53
53,53,52,52,52,52,52,52,52,52,52,52,52,52,52,53
53,53,52,52,52,52,52,52,52,52,52,52,52,52,52,53
53,53,52,52,52,52,52,52,52,52,52,52,52,52,52,53
53,53,52,52,52,52,52,52,52,52,52,52,52,52,52,53
53,53,52,52,52,52,52,52,52,52,52,52,52,52,52,53
53,53,52,52,52,52,52,52,52,52,52,52,52,52,52,53
53,53,52,52,52,52,52,52,52,52,52,52,52,52,52,53
53,53,52,52,52,52,52,52,52,52,52,52,52,52,52,53
53,53,52,52,52,52,52,52,52,52,52,52,52,52,52,53
53,53,52,52,52,52,52,52,52,52,52,52,52,52,52,53
53,53,52,52,52,52,52,52,52,52,52,52,52,52,52,53
53,53,52,52,52,52,52,52,52,52,52,52,52,52,52,53
53,53,52,52,52,52,52,52,52,52,52,52,52,52,52,53

"CHUNK 512,1792"
53,53,53,53,53,53,53,53,53,53,53,53,52,52,52,52
53,53,53,53,53,53,53,53,53,53,53,53,52,52,52,52
53,53,53,53,53,53,53,53,53,53,53,53,52,52,52,52
53,53,53,53,53,53,53,53,53,53,53,53,52,52,52,52
53,53,53,53,53,53,53,53,53,53,53,53,52,52,52,52
53,53,53,53,53,53,53,53,53,53,53,53,52,52,52,52
53,53,53,53,53,53,53,53,53,53,53,53,52,52,52,52
53,53,53,53,53,53,53,53,53,53,53,53,52,52,52,52
53,53,53,53,53,53,53,53,53,53,53,53,52,52,52,52
53,53,53,53,53,53,53,53,53,53,53,53,52,52,52,52
53,53,53,53,53,53,53,53,53,53,53,53,52,52,52,52
53,53,53,53,53,53,53,53,53,53,53,53,52,52,52,52
53,53,53,53,53,53,53,53,53,53,53,53,52,52,52,52
53,53,53,53,53,53,53,53,53,53,53,53,52,52,52,52
53,53,53,53,53,53,53,53,53,53,53,53,52,52,52,52
53,53,53,53,53,53,53,53,53,53,53,53,52,52,52,52

"CHUNK 768,1792"
52,52,52,52,52,52,52,52,52,53,53,53,53,53,53,53
52,52,52,52,52,52,52,52,52,53,53,53,53,53,53,53
52,52,52,52,52,52,52,52,52,53,53,53,53,53,53,53
52,52,52,52,52,52,52,52,52,53,53,53,53,53,53,53
52,52,52,52,52,52,52,52,52,53,53,53,53,53,53,53
52,52,52,52,52,52,52,52,52,53,53,53,53,53,53,53
52,52,52,52,52,52,52,52,52,53,53,53,53,53,53,53
52,52,52,52,52,52,52,52,52,53,53,53,53,53,53,53
52,52,52,52,52,52,52,52,52,53,53,53,53,53,53,53
52,52,52,52,52,52,52,52,52,53,53,53,53,53,53,53
52,52,52,52,52,52,52,52,52,53,53,53,53,53,53,53
52,52,52,52,52,52,52,52,52,53,53,53,53,53,53,53
52,52,52,52,52,52,52,52,52,53,53,53,53,53,53,53
52,52,52,52,52,52,52,52,52,53,53,53,53,53,53,53
52,52,52,52,52,52,52,52,52,53,53,53,53,53,53,53
52,52,52,52,52,52,52,52,52,53,53,53,53,53,53,53

"CHUNK 1024,1792"
53,53,53,53,53,53,53,53,53,53,52,52,52,52,52,52
53,53,53,53,53,53,53,53,53,53,52,52,52,52,52,52
53,53,53,53,53,53,53,53,53,53,52,52,52,52,52,52
53,53,53,53,53,53,53,53,53,53,52,52,52,52,52,52
53,53,53,53,53,53,53,53,53,53,52,52,52,52,52,52
53,53,53,53,53,53,53,53,53,53,52,52,52,52,52,52
53,53,53,53,53,53,53,53,53,53,52,52,52,52,52,52
53,53,53,53,53,53,53,53,53,53,52,52,52,52,52,52
53,53,53,53,53,53,53,53,53,53,52,52,52,52,52,52
53,53,53,53,53,53,53,53,53,53,52,52,52,52,52,52
53,53,53,53,53,53,53,53,53,53,52,52,52,52,52,52
53,53,53,53,53,53,53,53,53,53,52,52,52,52,52,52
53,53,53,53,53,53,53,53,53,53,52,52,52,52,52,52
53,53,53,53,53,53,53,53,53,53,52,52,52,52,52,52
53,53,53,53,53,53,53,53,53,53,52,52,52,52,52,52
53,53,53,53,53,53,53,53,53,53,52,52,52,52,52,52

"CHUNK 1280,1792"
52,52,52,52,52,52,52,52,52,52,52,53,53,53,53,53
52,52,52,52,52,52,52,52,52,52,52,53,53,53,53,53
52,52,52,52,52,52,52,52,52,52,52,53,53,53,53,53
52,52,52,52,52,52,52,52,52,52,52,53,53,53,53,53
52,52,52,52,52,52,52,52,52,52,52,53,53,53,53,53
52,52,52,52,52,52,52,52,52,52,52,53,53,53,53,53
52,52,52,52,52,52,52,52,52,52,52,53,53,53,53,53
52,52,52,52,52,52,52,52,52,52,52,53,53,53,53,53
52,52,52,52,52,52,52,52,52,52,52,53,53,53,53,53
52,52,52,52,52,52,52,52,52,52,52,53,53,53,53,53
52,52,52,52,52,52,52,52,52,52,52,53,53,53,53,53
52,52,52,52,52,52,52,52,52,52,52,53,53,53,53,53
52,52,52,52,52,52,52,52,52,52,52,53,53,53,53,53
52,52,52,52,52,52,52,52,52,52,52,53,53,53,53,53
52,52,52,52,52,52,52,52,52,52,52,53,53,53,53,53
52,52,52,52,52,52,52,52,52,52,52,53,53,53,53,53

"CHUNK 1536,1792"
53,53,53,53,53,53,53,53,53,53,53,53,53,53,53,53
53,53,53,53,53,53,53,53,53,53,53,53,53,53,53,53
53,53,53,53,53,53,53,53,53,53,53,53,53,53,53,53
53,53,53,53,53,53,53,53,53,53,53,53,53,53,53,53
53,53,53,53,53,53,53,53,53,53,53,53,53,53,53,53
53,53,53,53,53,53,53,53,53,53,53,53,53,53,53,53
53,53,53,53,53,53,53,53,53,53,53,53,53,53,53,53
53,53,53,53,53,53,53,53,53,53,53,53,53,53,53,53
53,53,53,53,53,53,53,53,53,53,53,53,53,53,53,53
53,53,53,53,53,53,53,53,53,53,53,53,53,53,53,53
53,53,53,53,53,53,53,53,53,53,53,53,53,53,53,53
53,53,53,53,53,53,53,53,53,53,53,53,53,53,53,53
53,53,53,53,53,53,53,53,53,53,53,53,53,53,53,53
53,53,53,53,53,53,53,53,53,53,53,53,53,53,53,53
53,53,53,53,53,53,53,53,53,53,53,53,53,53,53,53
53,53,53,53,53,53,53,53,53,53,53,53,53,53,53,53

"CHUNK 1792,1792"
53,53,53,53,53,52,52,52,52,52,52,52,52,52,52,52
53,53,53,53,53,52,52,52,52,52,52,52,52,52,52,52
53,53,53,53,53,52,52,52,52,52,52,52,52,52,52,52
53,53,53,53,53,52,52,52,52,52,52,52,52,52,52,52
53,53,53,53,53,52,52,52,52,52,52,52,52,52,52,52
53,53,53,53,53,52,52,52,52,52,52,52,52,52,52,52
53,53,53,53,53,52,52,52,52,52,52,52,52,52,52,52
53,53,53,53,53,52,52,52,52,52,52,52,52,52,52,52
53,53,53,53,53,52,52,52,52,52,52,52,52,52,52,52
53,53,53,53,53,52,52,52,52,52,52,52,52,52,52,52
53,53,53,53,53,52,52,52,52,52,52,52,52,52,52,52
53,53,53,53,53,52,52,52,52,52,52,52,52,52,52,52
53,53,53,53,53,52,52,52,52,52,52,52,52,52,52,52
53,53,53,53,53,52,52,52,52,52,52,52,52,52,52,52
53,53,53,53,53,52,52,52,52,52,52,52,52,52,52,52
53,53,53,53,53,52,52,52,52,52,52,52,52,52,52,52

"CHUNK 2048,1792"
53,53,53,53,53,53,53,53,53,53,53,53,53,53,53,53
53,53,53,53,53,53,53,53,53,53,53,53,53,53,53,53
53,53,53,53,53,53,53,53,53,53,53,53,53,53,53,53
53,53,53,53,53,53,53,53,53,53,53,53,53,53,53,53
53,53,53,53,53,53,53,53,53,53,53,53,53,53,53,53
53,53,53,53,53,53,53,53,53,53,53,53,53,53,53,53
53,53,53,53,53,53,53,53,53,53,53,53,53,53,53,53
53,53,53,53,53,53,53,53,53,53,53,53,53,53,53,53
53,53,53,53,53,53,53,53,53,53,53,53,53,53,53,53
53,53,53,53,53,53,53,53,53,53,53,53,53,53,53,53
53,53,53,53,53,53,53,53,53,53,53,53,53,53,53,53
53,53,53,53,53,53,53,53,53,53,53,53,53,53,53,53
53,53,53,53,53,53,53,53,53,53,53,53,53,53,53,53
53,53,53,53,53,53,53,53,53,53,53,53,53,53,53,53
53,53,53,53,53,53,53,53,53,53,53,53,53,53,53,53
53,53,53,53,53,53,53,53,53,53,53,53,53,53,53,53

"CHUNK 2304,1792"
53,53,53,53,53,53,53,53,53,53,53,53,53,53,53,52
53,53,53,53,53,53,53,53,53,53,53,53,53,53,53,52
53,53,53,53,53,53,53,53,53,53,53,53,53,53,53,52
53,53,53,53,53,53,53,53,53,53,53,53,53,53,53,52
53,53,53,53,53,53,53,53,53,53,53,53,53,53,53,52
53,53,53,53,53,53,53,53,53,53,53,53,53,53,53,52
53,53,53,53,53,53,53,53,53,53,53,53,53,53,53,52
53,53,53,53,53,53,53,53,53,53,53,53,53,53,53,52
53,53,53,53,53,53,53,53,53,53,53,53,53,53,53,52
53,53,53,53,53,53,53,53,53,53,53,53,53,53,53,52
53,53,53,53,53,53,53,53,53,53,53,53,53,53,53,52
53,53,53,53,53,53,53,53,53,53,53,53,53,53,53,52
53,53,53,53,53,53,53,53,53,53,53,53,53,53,53,52
53,53,53,53,53,53,53,53,53,53,53,53,53,53,53,52
53,53,53,53,53,53,53,53,53,53,53,53,53,53,53,52
53,53,53,53,53,53,53,53,53,53,53,53,53,53,53,52

"CHUNK 2560,1792"
52,52,52,52,52,52,52,52,52,52,52,52,52,52,52,52
52,52,52,52,52,52,52,52,52,52,52,52,52,52,52,52
52,52,52,52,52,52,52,52,52,52,52,52,52,52,52,52
52,52,52,52,52,52,52,52,52,52,52,52,52,52,52,52
52,52,52,52,52,52,52,52,52,52,52,52,52,52,52,52
52,52,52,52,52,52,52,52,52,52,52,52,52,52,52,52
52,52,52,52,52,52,52,52,52,52,52,52,52,52,52,52
52,52,52,52,52,52,52,52,52,52,52,52,52,52,52,52
52,52,52,52,52,52,52,52,52,52,52,52,52,52,52,52
52,52,52,52,52,52,52,52,52,52,52,52,52,52,52,52
52,52,52,52,52,52,52,52,52,52,52,52,52,52,52,52
52,52,52,52,52,52,52,52,52,52,52,52,52,52,52,52
52,52,52,52,52,52,52,52,52,52,52,52,52,52,52,52
52,52,52,52,52,52,52,52,52,52,52,52,52,52,52,52
52,52,52,52,52,52,52,52,52,52,52,52,52,52,52,52
52,52,52,52,52,52,52,52,52,52,52,52,52,52,52,52

"CHUNK 2816,1792"
52,53,53,53,53,53,53,53,53,53,53,53,53,53,53,53
52,53,53,53,53,53,53,53,53,53,53,53,53,53,53,53
52,53,53,53,53,53,53,53,53,53,53,53,53,53,53,53
52,53,53,53,53,53,53,53,53,53,53,53,53,53,53,53
52,53,53,53,53,53,53,53,53,53,53,53,53,53,53,53
52,53,53,53,53,53,53,53,53,53,53,53,53,53,53,53
52,53,53,53,53,53,53,53,53,53,53,53,53,53,53,53
52,53,53,53,53,53,53,53,53,53,53,53,53,53,53,53
52,53,53,53,53,53,53,53,53,53,53,53,53,53,53,53
52,53,53,53,53,53,53,53,53,53,53,53,53,53,53,53
52,53,53,53,53,53,53,53,53,53,53,53,53,53,53,53
52,53,53,53,53,53,53,53,53,53,53,53,53,53,53,53
52,53,53,53,53,53,53,53,53,53,53,53,53,53,53,53
52,53,53,53,53,53,53,53,53,53,53,53,53,53,53,53
52,53,53,53,53,53,53,53,53,53,53,53,53,53,53,53
52,53,53,53,53,53,53,53,53,53,53,53,53,53,53,53

"CHUNK 3072,1792"
53,53,53,53,53,53,53,53,53,53,53,53,53,53,53,53
53,53,53,53,53,53,53,53,53,53,53,53,53,53,53,53
53,53,53,53,53,53,53,53,53,53,53,53,53,53,53,53
53,53,53,53,53,53,53,53,53,53,53,53,53,53,53,53
53,53,53,53,53,53,53,53,53,53,53,53,53,53,53,53
53,53,53,53,53,53,53,53,53,53,53,53,53,53,53,53
53,53,53,53,53,53,53,53,53,53,53,53,53,53,53,53
53,53,53,53,53,53,53,53,53,53,53,53,53,53,53,53
53,53,53,53,53,53,53,53,53,53,53,53,53,53,53,53
53,53,53,53,53,53,53,53,53,53,53,53,53,53,53,53
53,53,53,53,53,53,53,53,53,53,53,53,53,53,53,53
53,53,53,53,53,53,53,53,53,53,53,53,53,53,53,53
53,53,53,53,53,53,53,53,53,53,53,53,53,53,53,53
53,53,53,53,53,53,53,53,53,53,53,53,53,53,53,53
53,53,53,53,53,53,53,53,53,53,53,53,53,53,53,53
53,53,53,53,53,53,53,53,53,53,53,53,53,53,53,53

"CHUNK 3328,1792"
53,53,53,53,53,53,53,53,53,53,53,53,53,53,53,53
53,53,53,53,53,53,53,53,53,53,53,53,53,53,53,53
53,53,53,53,53,53,53,53,53,53,53,53,53,53,53,53
53,53,53,53,53,53,53,53,53,53,53,53,53,53,53,53
53,53,53,53,53,53,53,53,53,53,53,53,53,53,53,53
53,53,53,53,53,53,53,53,53,53,53,53,53,53,53,53
53,53,53,53,53,53,53,53,53,53,53,53,53,53,53,53
53,53,53,53,53,53,53,53,53,53,53,53,53,53,53,53
53,53,53,53,53,53,53,53,53,53,53,53,53,53,53,53
53,53,53,53,53,53,53,53,53,53,53,53,53,53,53,53
53,53,53,53,53,53,53,53,53,53,53,53,53,53,53,53
53,53,53,53,53,53,53,53,53,53,53,53,53,53,53,53
53,53,53,53,53,53,53,53,53,53,53,53,53,53,53,53
53,53,53,53,53,53,53,53,53,53,53,53,53,53,53,53
53,53,53,53,53,53,53,53,53,53,53,53,53,53,53,53
53,53,53,53,53,53,53,53,53,53,53,53,53,53,53,53

"CHUNK 3584,1792"
53,53,53,53,53,53,53,52,52,52,52,52,52,52,52,52
53,53,53,53,53,53,53,52,52,52,52,52,52,52,52,52
53,53,53,53,53,53,53,52,52,52,52,52,52,52,52,52
53,53,53,53,53,53,53,52,52,52,52,52,52,52,52,52
53,53,53,53,53,53,53,52,52,52,52,52,52,52,52,52
53,53,53,53,53,53,53,52,52,52,52,52,52,52,52,52
53,53,53,53,53,53,53,52,52,52,52,52,52,52,52,52
53,53,53,53,53,53,53,52,52,52,52,52,52,52,52,52
53,53,53,53,53,53,53,52,52,52,52,52,52,52,52,52
53,53,53,53,53,53,53,52,52,52,52,52,52,52,52,52
53,53,53,53,53,53,53,52,52,52,52,52,52,52,52,52
53,53,53,53,53,53,53,52,52,52,52,52,52,52,52,52
53,53,53,53,53,53,53,52,52,52,52,52,52,52,52,52
53,53,53,53,53,53,53,52,52,52,52,52,52,52,52,52
53,53,53,53,53,53,53,52,52,52,52,52,52,52,52,52
53,53,53,53,53,53,53,52,52,52,52,52,52,52,52,52

"CHUNK 3840,1792"
52,52,52,52,52,52,52,52,52,52,52,52,52,52,52,52
52,52,52,52,52,52,52,52,52,52,52,52,52,52,52,52
52,52,52,52,52,52,52,52,52,52,52,52,52,52,52,52
52,52,52,52,52,52,52,52,52,52,52,52,52,52,52,52
52,52,52,52,52,52,52,52,52,52,52,52,52,52,52,52
52,52,52,52,52,52,52,52,52,52,52,52,52,52,52,52
52,52,52,52,52,52,52,52,52,52,52,52,52,52,52,52
52,52,52,52,52,52,52,52,52,52,52,52,52,52,52,52
52,52,52,52,52,52,52,52,52,52,52,52,52,52,52,52
52,52,52,52,52,52,52,52,52,52,52,52,52,52,52,52
52,52,52,52,52,52,52,52,52,52,52,52,52,52,52,52
52,52,52,52,52,52,52,52,52,52,52,52,52,52,52,52
52,52,52,52,52,52,52,52,52,52,52,52,52,52,52,52
52,52,52,52,52,52,52,52,52,52,52,52,52,52,52,52
52,52,52,52,52,52,52,52,52,52,52,52,52,52,52,52
52,52,52,52,52,52,52,52,52,52,52,52,52,52,52,52

"CHUNK 4096,1792"
52,52,52,52,52,52,52,52,52,52,52,52,52,52,52,52
52,52,52,52,52,52,52,52,52,52,52,52,52,52,52,52
52,52,52,52,52,52,52,52,52,52,52,52,52,52,52,52
52,52,52,52,52,52,52,52,52,52,52,52,52,52,52,52
52,52,52,52,52,52,52,52,52,52,52,52,52,52,52,52
52,52,52,52,52,52,52,52,52,52,52,52,52,52,52,52
52,52,52,52,52,52,52,52,52,52,52,52,52,52,52,52
52,52,52,52,52,52,52,52,52,52,52,52,52,52,52,52
52,52,52,52,52,52,52,52,52,52,52,52,52,52,52,52
52,52,52,52,52,52,52,52,52,52,52,52,52,52,52,52
52,52,52,52,52,52,52,52,52,52,52,52,52,52,52,52
52,52,52,52,52,52,52,52,52,52,52,52,52,52,52,52
52,52,52,52,52,52,52,52,52,52,52,52,52,52,52,52
52,52,52,52,52,52,52,52,52,52,52,52,52,52,52,52
52,52,52,52,52,52,52,52,52,52,52,52,52,52,52,52
52,52,52,52,52,52,52,52,52,52,52,52,52,52,52,52

"CHUNK 4352,1792"
52,52,52,52,52,52,52,52,52,52,52,52,52,52,52,52
52,52,52,52,52,52,52,52,52,52,52,52,52,52,52,52
52,52,52,52,52,52,52,52,52,52,52,52,52,52,52,52
52,52,52,52,52,52,52,52,52,52,52,52,52,52,52,52
52,52,52,52,52,52,52,52,52,52,52,52,52,52,52,52
52,52,52,52,52,52,52,52,52,52,52,52,52,52,52,52
52,52,52,52,52,52,52,52,52,52,52,52,52,52,52,52
52,52,52,52,52,52,52,52,52,52,52,52,52,52,52,52
52,52,52,52,52,52,52,52,52,52,52,52,52,52,52,52
52,52,52,52,52,52,52,52,52,52,52,52,52,52,52,52
52,52,52,52,52,52,52,52,52,52,52,52,52,52,52,52
52,52,52,52,52,52,52,52,52,52,52,52,52,52,52,52
52,52,52,52,52,52,52,52,52,52,52,52,52,52,52,52
52,52,52,52,52,52,52,52,52,52,52,52,52,52,52,52
52,52,52,52,52,52,52,52,52,52,52,52,52,52,52,52
52,52,52,52,52,52,52,52,52,52,52,52,52,52,52,52

"CHUNK 4608,1792"
52,52,52,52,52,52,52,52,52,52,52,52,52,52,52,52
52,52,52,52,52,52,52,52,52,52,52,52,52,52,52,52
52,52,52,52,52,52,52,52,52,52,52,52,52,52,52,52
52,52,52,52,52,52,52,52,52,52,52,52,52,52,52,52
52,52,52,52,52,52,52,52,52,52,52,52,52,52,52,52
52,52,52,52,52,52,52,52,52,52,52,52,52,52,52,52
52,52,52,52,52,52,52,52,52,52,52,52,52,52,52,52
52,52,52,52,52,52,52,52,52,52,52,52,52,52,52,52
52,52,52,52,52,52,52,52,52,52,52,52,52,52,52,52
52,52,52,52,52,52,52,52,52,52,52,52,52,52,52,52
52,52,52,52,52,52,52,52,52,52,52,52,52,52,52,52
52,52,52,52,52,52,52,52,52,52,52,52,52,52,52,52
52,52,52,52,52,52,52,52,52,52,52,52,52,52,52,52
52,52,52,52,52,52,52,52,52,52,52,52,52,52,52,52
52,52,52,52,52,52,52,52,52,52,52,52,52,52,52,52
52,52,52,52,52,52,52,52,52,52,52,52,52,52,52,52

"CHUNK 4864,1792"
52,52,52,52,52,52,52,52,52,52,52,52,52,52,52,52
52,52,52,52,52,52,52,52,52,52,52,52,52,52,52,52
52,52,52,52,52,52,52,52,52,52,52,52,52,52,52,52
52,52,52,52,52,52,52,52,52,52,52,52,52,52,52,52
52,52,52,52,52,52,52,52,52,52,52,52,52,52,52,52
52,52,52,52,52,52,52,52,52,52,52,52,52,52,52,52
52,52,52,52,52,52,52,52,52,52,52,52,52,52,52,52
52,52,52,52,52,52,52,52,52,52,52,52,52,52,52,52
52,52,52,52,52,52,52,52,52,52,52,52,52,52,52,52
52,52,52,52,52,52,52,52,52,52,52,52,52,52,52,52
52,52,52,52,52,52,52,52,52,52,52,52,52,52,52,52
52,52,52,52,52,52,52,52,52,52,52,52,52,52,52,52
52,52,52,52,52,52,52,52,52,52,52,52,52,52,52,52
52,52,52,52,52,52,52,52,52,52,52,52,52,52,52,52
52,52,52,52,52,52,52,52,52,52,52,52,52,52,52,52
52,52,52,52,52,52,52,52,52,52,52,52,52,52,52,52

"CHUNK 0,2048"
52,52,52,52,52,53,53,53,53,53,53,53,53,53,53,53
52,52,52,52,52,53,53,53,53,53,53,53,53,53,53,53
52,52,52,52,52,53,53,53,53,53,53,53,53,53,53,53
52,52,52,52,52,53,53,53,53,53,53,53,53,53,53,53
52,52,52,52,52,53,53,53,53,53,53,53,53,53,53,53
52,52,52,52,52,53,53,53,53,53,53,53,53,53,53,53
52,52,52,52,52,53,53,53,53,53,53,53,53,53,53,53
52,52,52,52,52,53,53,53,53,53,53,53,53,53,53,53
52,52,52,52,52,53,53,53,53,53,53,53,53,53,53,53
52,52,52,52,52,53,53,53,53,53,53,53,53,53,53,53
52,52,52,52,52,53,53,53,53,53,53,53,53,53,53,53
52,52,52,52,52,53,53,53,53,53,53,53,53,53,53,53
52,52,52,52,52,53,53,53,53,53,53,53,53,53,53,53
52,52,52,52,52,53,53,53,53,53,53,53,53,53,53,53
52,52,52,52,52,53,53,53,53,53,53,53,53,53,53,53
52,52,52,52,52,53,53,53,53,53,53,53,53,53,53,53

"CHUNK 256,2048"
53,53,52,52,52,52,52,52,52,52,52,52,52,52,52,53
53,53,52,52,52,52,52,52,52,52,52,52,52,52,52,53
53,53,52,52,52,52,52,52,52,52,52,52,52,52,52,53
53,53,52,52,52,52,52,52,52,52,52,52,52,52,52,53
53,53,52,52,52,52,52,52,52,52,52,52,52,52,52,53
53,53,52,52,52,52,52,52,52,52,52,52,52,52,52,53
53,53,52,52,52,52,52,52,52,52,52,52,52,52,52,53
53,53,52,52,52,52,52,52,52,52,52,52,52,52,52,53
53,53,52,52,52,52,52,52,52,52,52,52,52,52,52,53
53,53,52,52,52,52,52,52,52,52,52,52,52,52,52,53
53,53,52,52,52,52,52,52,52,52,52,52,52,52,52,53
53,53,52,52,52,52,52,52,52,52,52,52,52,52,52,53
53,53,52,52,52,52,52,52,52,52,52,52,52,52,52,53
53,53,52,52,52,52,52,52,52,52,52,52,52,52,52,53
53,53,52,52,52,52,52,52,52,52,52,52,52,52,52,53
53,53,52,52,52,52,52,52,52,52,52,52,52,52,52,53

"CHUNK 512,2048"
53,53,53,53,53,53,53,53,53,53,53,53,52,52,52,52
53,53,53,53,53,53,53,53,53,53,53,53,52,52,52,52
53,53,53,53,53,53,53,53,53,53,53,53,52,52,52,52
53,53,53,53,53,53,53,53,53,53,53,53,52,52,52,52
53,53,53,53,53,53,53,53,53,53,53,53,52,52,52,52
53,53,53,53,53,53,53,53,53,53,53,53,52,52,52,52
53,53,53,53,53,53,53,53,53,53,53,53,52,52,52,52
53,53,53,53,53,53,53,53,53,53,53,53,52,52,52,52
53,53,53,53,53,53,53,53,53,53,53,53,52,52,52,52
53,53,53,53,53,53,53,53,53,53,53,53,52,52,52,52
53,53,53,53,53,53,53,53,53,53,53,53,52,52,52,52
53,53,53,53,53,53,53,53,53,53,53,53,52,52,52,52
53,53,53,53,53,53,53,53,53,53,53,53,52,52,52,52
53,53,53,53,53,53,53,53,53,53,53,53,52,52,52,52
53,53,53,53,53,53,53,53,53,53,53,53,52,52,52,52
53,53,53,53,53,53,53,53,53,53,53,53,52,52,52,52

"CHUNK 768,2048"
52,52,52,52,52,52,52,52,52,53,53,53,53,53,53,53
52,52,52,52,52,52,52,52,52,53,53,53,53,53,53,53
52,52,52,52,52,52,52,52,52,53,53,53,53,53,53,53
52,52,52,52,52,52,52,52,52,53,53,53,53,53,53,53
52,52,52,52,52,52,52,52,52,53,53,53,53,53,53,53
52,52,52,52,52,52,52,52,52,53,53,53,53,53,53,53
52,52,52,52,52,52,52,52,52,53,53,53,53,53,53,53
52,52,52,52,52,52,52,52,52,53,53,53,53,53,53,53
52,52,52,52,52,52,52,52,52,53,53,53,53,53,53,53
52,52,52,52,52,52,52,52,52,53,53,53,53,53,53,53
52,52,52,52,52,52,52,52,52,53,53,53,53,53,53,53
52,52,52,52,52,52,52,52,52,53,53,53,53,53,53,53
52,52,52,52,52,52,52,52,52,53,53,53,53,53,53,53
52,52,52,52,52,52,52,52,52,53,53,53,53,53,53,53
52,52,52,52,52,52,52,52,52,53,53,53,53,53,53,53
52,52,52,52,52,52,52,52,52,53,53,53,53,53,53,53

"CHUNK 1024,2048"
53,53,53,53,53,53,53,53,53,53,52,52,52,52,52,52
53,53,53,53,53,53,53,53,53,53,52,52,52,52,52,52
53,53,53,53,53,53,53,53,53,53,52,52,52,52,52,52
53,53,53,53,53,53,53,53,53,53,52,52,52,52,52,52
53,53,53,53,53,53,53,53,53,53,52,52,52,52,52,52
53,53,53,53,53,53,53,53,53,53,52,52,52,52,52,52
53,53,53,53,53,53,53,53,53,53,52,52,52,52,52,52
53,53,53,53,53,53,53,53,53,53,52,52,52,52,52,52
53,53,53,53,53,53,53,53,53,53,52,52,52,52,52,52
53,53,53,53,53,53,53,53,53,53,52,52,52,52,52,52
53,53,53,53,53,53,53,53,53,53,52,52,52,52,52,52
53,53,53,53,53,53,53,53,53,53,52,52,52,52,52,52
53,53,53,53,53,53,53,53,53,53,52,52,52,52,52,52
53,53,53,53,53,53,53,53,53,53,52,52,52,52,52,52
53,53,53,53,53,53,53,53,53,53,52,52,52,52,52,52
53,53,53,53,53,53,53,53,53,53,52,52,52,52,52,52

"CHUNK 1280,2048"
52,52,52,52,52,52,52,52,52,52,52,53,53,53,53,53
52,52,52,52,52,52,52,52,52,52,52,53,53,53,53,53
52,52,52,52,52,52,52,52,52,52,52,53,53,53,53,53
52,52,52,52,52,52,52,52,52,52,52,53,53,53,53,53
52,52,52,52,52,52,52,52,52,52,52,53,53,53,53,53
52,52,52,52,52,52,52,52,52,52,52,53,53,53,53,53
52,52,52,52,52,52,52,52,52,52,52,53,53,53,53,53
52,52,52,52,52,52,52,52,52,52,52,53,53,53,53,53
52,52,52,52,52,52,52,52,52,52,52,53,53,53,53,53
52,52,52,52,52,52,52,52,52,52,52,53,53,53,53,53
52,52,52,52,52,52,52,52,52,52,52,53,53,53,53,53
52,52,52,52,52,52,52,52,52,52,52,53,53,53,53,53
52,52,52,52,52,52,52,52,52,52,52,53,53,53,53,53
52,52,52,52,52,52,52,52,52,52,52,53,53,53,53,53
52,52,52,52,52,52,52,52,52,52,52,53,53,53,53,53
52,52,52,52,52,52,52,52,52,52,52,53,53,53,53,53

"CHUNK 1536,2048"
53,53,53,53,53,53,53,53,53,53,53,53,53,53,53,53
53,53,53,53,53,53,53,53,53,53,53,53,53,53,53,53
53,53,53,53,53,53,53,53,53,53,53,53,53,53,53,53
53,53,53,53,53,53,53,53,53,53,53,53,53,53,53,53
53,53,53,53,53,53,53,53,53,53,53,53,53,53,53,53
53,53,53,53,53,53,53,53,53,53,53,53,53,53,53,53
53,53,53,53,53,53,53,53,53,53,53,53,53,53,53,53
53,53,53,53,53,53,53,53,53,53,53,53,53,53,53,53
53,53,53,53,53,53,53,53,53,53,53,53,53,53,53,53
53,53,53,53,53,53,53,53,53,53,53,53,53,53,53,53
53,53,53,53,53,53,53,53,53,53,53,53,53,53,53,53
53,53,53,53,53,53,53,53,53,53,53,53,53,53,53,53
53,53,53,53,53,53,53,53,53,53,53,53,53,53,53,53
53,53,53,53,53,53,53,53,53,53,53,53,53,53,53,53
53,53,53,53,53,53,53,53,53,53,53,53,53,53,53,53
53,53,53,53,53,53,53,53,53,53,53,53,53,53,53,53

"CHUNK 1792,2048"
53,53,53,53,53,52,52,52,52,52,52,52,52,52,52,52
53,53,53,53,53,52,52,52,52,52,52,52,52,52,52,52
53,53,53,53,53,52,52,52,52,52,52,52,52,52,52,52
53,53,53,53,53,52,52,52,52,52,52,52,52,52,52,52
53,53,53,53,53,52,52,52,52,52,52,52,52,52,52,52
53,53,53,53,53,52,52,52,52,52,52,52,52,52,52,52
53,53,53,53,53,52,52,52,52,52,52,52,52,52,52,52
53,53,53,53,53,52,52,52,52,52,52,52,52,52,52,52
53,53,53,53,53,52,52,52,52,52,52,52,52,52,52,52
53,53,53,53,53,52,52,52,52,52,52,52,52,52,52,52
53,53,53,53,53,52,52,52,52,52,52,52,52,52,52,52
53,53,53,53,53,52,52,52,52,52,52,52,52,52,52,52
53,53,53,53,53,52,52,52,52,52,52,52,52,52,52,52
53,53,53,53,53,52,52,52,52,52,52,52,52,52,52,52
53,53,53,53,53,52,52,52,52,52,52,52,52,52,52,52
53,53,53,53,53,52,52,52,52,52,52,52,52,52,52,52

"CHUNK 2048,2048"
53,53,53,53,53,53,53,53,53,53,53,53,53,53,53,53
53,53,53,53,53,53,53,53,53,53,53,53,53,53,53,53
53,53,53,53,53,53,53,53,53,53,53,53,53,53,53,53
53,53,53,53,53,53,53,53,53,53,53,53,53,53,53,53
53,53,53,53,53,53,53,53,53,53,53,53,53,53,53,53
53,53,53,53,53,53,53,53,53,53,53,53,53,53,53,53
53,53,53,53,53,53,53,53,53,53,53,53,53,53,53,53
53,53,53,53,53,53,53,53,53,53,53,53,53,53,53,53
53,53,53,53,53,53,53,53,53,53,53,53,53,53,53,53
53,53,53,53,53,53,53,53,53,53,53,53,53,53,53,53
53,53,53,53,53,53,53,53,53,53,53,53,53,53,53,53
53,53,53,53,53,53,53,53,53,53,53,53,53,53,53,53
53,53,53,53,53,53,53,53,53,53,53,53,53,53,53,53
53,53,53,53,53,53,53,53,53,53,53,53,53,53,53,53
53,53,53,53,53,53,53,53,53,53,53,53,53,53,53,53
53,53,53,53,53,53,53,53,53,53,53,53,53,53,53,53

"CHUNK 2304,2048"
53,53,53,53,53,53,53,53,53,53,53,53,53,53,53,52
53,53,53,53,53,53,53,53,53,53,53,53,53,53,53,52
53,53,53,53,53,53,53,53,53,53,53,53,53,53,53,52
53,53,53,53,53,53,53,53,53,53,53,53,53,53,53,52
53,53,53,53,53,53,53,53,53,53,53,53,53,53,53,52
53,53,53,53,53,53,53,53,53,53,53,53,53,53,53,52
53,53,53,53,53,53,53,53,53,53,53,53,53,53,53,52
53,53,53,53,53,53,53,53,53,53,53,53,53,53,53,52
53,53,53,53,53,53,53,53,53,53,53,53,53,53,53,52
53,53,53,53,53,53,53,53,53,53,53,53,53,53,53,52
53,53,53,53,53,53,53,53,53,53,53,53,53,53,53,52
53,53,53,53,53,53,53,53,53,53,53,53,53,53,53,52
53,53,53,53,53,53,53,53,53,53,53,53,53,53,53,52
53,53,53,53,53,53,53,53,53,53,53,53,53,53,53,52
53,53,53,53,53,53,53,53,53,53,53,53,53,53,53,52
53,53,53,53,53,53,53,53,53,53,53,53,53,53,53,52

"CHUNK 2560,2048"
52,52,52,52,52,52,52,52,52,52,52,52,52,52,52,52
52,52,52,52,52,52,52,52,52,52,52,52,52,52,52,52
52,52,52,52,52,52,52,52,52,52,52,52,52,52,52,52
52,52,52,52,52,52,52,52,52,52,52,52,52,52,52,52
52,52,52,52,52,52,52,52,52,52,52,52,52,52,52,52
52,52,52,52,52,52,52,52,52,52,52,52,52,52,52,52
52,52,52,52,52,52,52,52,52,52,52,52,52,52,52,52
52,52,52,52,52,52,52,52,52,52,52,52,52,52,52,52
52,52,52,52,52,52,52,52,52,52,52,52,52,52,52,52
52,52,52,52,52,52,52,52,52,52,52,52,52,52,52,52
52,52,52,52,52,52,52,52,52,52,52,52,52,52,52,52
52,52,52,52,52,52,52,52,52,52,52,52,52,52,52,52
52,52,52,52,52,52,52,52,52,52,52,52,52,52,52,52
52,52,52,52,52,52,52,52,52,52,52,52,52,52,52,52
52,52,52,52,52,52,52,52,52,52,52,52,52,52,52,52
52,52,52,52,52,52,52,52,52,52,52,52,52,52,52,52

"CHUNK 2816,2048"
52,53,53,53,53,53,53,53,53,53,53,53,53,53,53,53
52,53,53,53,53,53,53,53,53,53,53,53,53,53,53,53
52,53,53,53,53,53,53,53,53,53,53,53,53,53,53,53
52,53,53,53,53,53,53,53,53,53,53,53,53,53,53,53
52,53,53,53,53,53,53,53,53,53,53,53,53,53,53,53
52,53,53,53,53,53,53,53,53,53,53,53,53,53,53,53
52,53,53,53,53,53,53,53,53,53,53,53,53,53,53,53
52,53,53,53,53,53,53,53,53,53,53,53,53,53,53,53
52,53,53,53,53,53,53,53,53,53,53,53,53,53,53,53
52,53,53,53,53,53,53,53,53,53,53,53,53,53,53,53
52,53,53,53,53,53,53,53,53,53,53,53,53,53,53,53
52,53,53,53,53,53,53,53,53,53,53,53,53,53,53,53
52,53,53,53,53,53,53,53,53,53,53,53,53,53,53,53
52,53,53,53,53,53,53,53,53,53,53,53,53,53,53,53
52,53,53,53,53,53,53,53,53,53,53,53,53,53,53,53
52,53,53,53,53,53,53,53,53,53,53,53,53,53,53,53

"CHUNK 3072,2048"
53,53,53,53,53,53,53,53,53,53,53,53,53,53,53,53
53,53,53,53,53,53,53,53,53,53,53,53,53,53,53,53
53,53,53,53,53,53,53,53,53,53,53,53,53,53,53,53
53,53,53,53,53,53,53,53,53,53,53,53,53,53,53,53
53,53,53,53,53,53,53,53,53,53,53,53,53,53,53,53
53,53,53,53,53,53,53,53,53,53,53,53,53,53,53,53
53,53,53,53,53,53,53,53,53,53,53,53,53,53,53,53
53,53,53,53,53,53,53,53,53,53,53,53,53,53,53,53
53,53,53,53,53,53,53,53,53,53,53,53,53,53,53,53
53,53,53,53,53,53,53,53,53,53,53,53,53,53,53,53
53,53,53,53,53,53,53,53,53,53,53,53,53,53,53,53
53,53,53,53,53,53,53,53,53,53,53,53,53,53,53,53
53,53,53,53,53,53,53,53,53,53,53,53,53,53,53,53
53,53,53,53,53,53,53,53,53,53,53,53,53,53,53,53
53,53,53,53,53,53,53,53,53,53,53,53,53,53,53,53
53,53,53,53,53,53,53,53,53,53,53,53,53,53,53,53

"CHUNK 3328,2048"
53,53,53,53,53,53,53,53,53,53,53,53,53,53,53,53
53,53,53,53,53,53,53,53,53,53,53,53,53,53,53,53
53,53,53,53,53,53,53,53,53,53,53,53,53,53,53,53
53,53,53,53,53,53,53,53,53,53,53,53,53,53,53,53
53,53,53,53,53,53,53,53,53,53,53,53,53,53,53,53
53,53,53,53,53,53,53,53,53,53,53,53,53,53,53,53
53,53,53,53,53,53,53,53,53,53,53,53,53,53,53,53
53,53,53,53,53,53,53,53,53,53,53,53,53,53,53,53
53,53,53,53,53,53,53,53,53,53,53,53,53,53,53,53
53,53,53,53,53,53,53,53,53,53,53,53,53,53,53,53
53,53,53,53,53,53,53,53,53,53,53,53,53,53,53,53
53,53,53,53,53,53,53,53,53,53,53,53,53,53,53,53
53,53,53,53,53,53,53,53,53,53,53,53,53,53,53,53
53,53,53,53,53,53,53,53,53,53,53,53,53,53,53,53
53,53,53,53,53,53,53,53,53,53,53,53,53,53,53,53
53,53,53,53,53,53,53,53,53,53,53,53,53,53,53,53

"CHUNK 3584,2048"
53,53,53,53,53,53,53,52,52,52,52,52,52,52,52,52
53,53,53,53,53,53,53,52,52,52,52,52,52,52,52,52
53,53,53,53,53,53,53,52,52,52,52,52,52,52,52,52
53,53,53,53,53,53,53,52,52,52,52,52,52,52,52,52
53,53,53,53,53,53,53,52,52,52,52,52,52,52,52,52
53,53,53,53,53,53,53,52,52,52,52,52,52,52,52,52
53,53,53,53,53,53,53,52,52,52,52,52,52,52,52,52
53,53,53,53,53,53,53,52,52,52,52,52,52,52,52,52
53,53,53,53,53,53,53,52,52,52,52,52,52,52,52,52
53,53,53,53,53,53,53,52,52,52,52,52,52,52,52,52
53,53,53,53,53,53,53,52,52,52,52,52,52,52,52,52
53,53,53,53,53,53,53,52,52,52,52,52,52,52,52,52
53,53,53,53,53,53,53,52,52,52,52,52,52,52,52,52
53,53,53,53,53,53,53,52,52,52,52,52,52,52,52,52
53,53,53,53,53,53,53,52,52,52,52,52,52,52,52,52
53,53,53,53,53,53,53,52,52,52,52,52,52,52,52,52

"CHUNK 3840,2048"
52,52,52,52,52,52,52,52,52,52,52,52,52,52,52,52
52,52,52,52,52,52,52,52,52,52,52,52,52,52,52,52
52,52,52,52,52,52,52,52,52,52,52,52,52,52,52,52
52,52,52,52,52,52,52,52,52,52,52,52,52,52,52,52
52,52,52,52,52,52,52,52,52,52,52,52,52,52,52,52
52,52,52,52,52,52,52,52,52,52,52,52,52,52,52,52
52,52,52,52,52,52,52,52,52,52,52,52,52,52,52,52
52,52,52,52,52,52,52,52,52,52,52,52,52,52,52,52
52,52,52,52,52,52,52,52,52,52,52,52,52,52,52,52
52,52,52,52,52,52,52,52,52,52,52,52,52,52,52,52
52,52,52,52,52,52,52,52,52,52,52,52,52,52,52,52
52,52,52,52,52,52,52,52,52,52,52,52,52,52,52,52
52,52,52,52,52,52,52,52,52,52,52,52,52,52,52,52
52,52,52,52,52,52,52,52,52,52,52,52,52,52,52,52
52,52,52,52,52,52,52,52,52,52,52,52,52,52,52,52
52,52,52,52,52,52,52,52,52,52,52,52,52,52,52,52

"CHUNK 4096,2048"
52,52,52,52,52,52,52,52,52,52,52,52,52,52,52,52
52,52,52,52,52,52,52,52,52,52,52,52,52,52,52,52
52,52,52,52,52,52,52,52,52,52,52,52,52,52,52,52
52,52,52,52,52,52,52,52,52,52,52,52,52,52,52,52
52,52,52,52,52,52,52,52,52,52,52,52,52,52,52,52
52,52,52,52,52,52,52,52,52,52,52,52,52,52,52,52
52,52,52,52,52,52,52,52,52,52,52,52,52,52,52,52
52,52,52,52,52,52,52,52,52,52,52,52,52,52,52,52
52,52,52,52,52,52,52,52,52,52,52,52,52,52,52,52
52,52,52,52,52,52,52,52,52,52,52,52,52,52,52,52
52,52,52,52,52,52,52,52,52,52,52,52,52,52,52,52
52,52,52,52,52,52,52,52,52,52,52,52,52,52,52,52
52,52,52,52,52,52,52,52,52,52,52,52,52,52,52,52
52,52,52,52,52,52,52,52,52,52,52,52,52,52,52,52
52,52,52,52,52,52,52,52,52,52,52,52,52,52,52,52
52,52,52,52,52,52,52,52,52,52,52,52,52,52,52,52

"CHUNK 4352,2048"
52,52,52,52,52,52,52,52,52,52,52,52,52,52,52,52
52,52,52,52,52,52,52,52,52,52,52,52,52,52,52,52
52,52,52,52,52,52,52,52,52,52,52,52,52,52,52,52
52,52,52,52,52,52,52,52,52,52,52,52,52,52,52,52
52,52,52,52,52,52,52,52,52,52,52,52,52,52,52,52
52,52,52,52,52,52,52,52,52,52,52,52,52,52,52,52
52,52,52,52,52,52,52,52,52,52,52,52,52,52,52,52
52,52,52,52,52,52,52,52,52,52,52,52,52,52,52,52
52,52,52,52,52,52,52,52,52,52,52,52,52,52,52,52
52,52,52,52,52,52,52,52,52,52,52,52,52,52,52,52
52,52,52,52,52,52,52,52,52,52,52,52,52,52,52,52
52,52,52,52,52,52,52,52,52,52,52,52,52,52,52,52
52,52,52,52,52,52,52,52,52,52,52,52,52,52,52,52
52,52,52,52,52,52,52,52,52,52,52,52,52,52,52,52
52,52,52,52,52,52,52,52,52,52,52,52,52,52,52,52
52,52,52,52,52,52,52,52,52,52,52,52,52,52,52,52

"CHUNK 4608,2048"
52,52,52,52,52,52,52,52,52,52,52,52,52,52,52,52
52,52,52,52,52,52,52,52,52,52,52,52,52,52,52,52
52,52,52,52,52,52,52,52,52,52,52,52,52,52,52,52
52,52,52,52,52,52,52,52,52,52,52,52,52,52,52,52
52,52,52,52,52,52,52,52,52,52,52,52,52,52,52,52
52,52,52,52,52,52,52,52,52,52,52,52,52,52,52,52
52,52,52,52,52,52,52,52,52,52,52,52,52,52,52,52
52,52,52,52,52,52,52,52,52,52,52,52,52,52,52,52
52,52,52,52,52,52,52,52,52,52,52,52,52,52,52,52
52,52,52,52,52,52,52,52,52,52,52,52,52,52,52,52
52,52,52,52,52,52,52,52,52,52,52,52,52,52,52,52
52,52,52,52,52,52,52,52,52,52,52,52,52,52,52,52
52,52,52,52,52,52,52,52,52,52,52,52,52,52,52,52
52,52,52,52,52,52,52,52,52,52,52,52,52,52,52,52
52,52,52,52,52,52,52,52,52,52,52,52,52,52,52,52
52,52,52,52,52,52,52,52,52,52,52,52,52,52,52,52

"CHUNK 4864,2048"
52,52,52,52,52,52,52,52,52,52,52,52,52,52,52,52
52,52,52,52,52,52,52,52,52,52,52,52,52,52,52,52
52,52,52,52,52,52,52,52,52,52,52,52,52,52,52,52
52,52,52,52,52,52,52,52,52,52,52,52,52,52,52,52
52,52,52,52,52,52,52,52,52,52,52,52,52,52,52,52
52,52,52,52,52,52,52,52,52,52,52,52,52,52,52,52
52,52,52,52,52,52,52,52,52,52,52,52,52,52,52,52
52,52,52,52,52,52,52,52,52,52,52,52,52,52,52,52
52,52,52,52,52,52,52,52,52,52,52,52,52,52,52,52
52,52,52,52,52,52,52,52,52,52,52,52,52,52,52,52
52,52,52,52,52,52,52,52,52,52,52,52,52,52,52,52
52,52,52,52,52,52,52,52,52,52,52,52,52,52,52,52
52,52,52,52,52,52,52,52,52,52,52,52,52,52,52,52
52,52,52,52,52,52,52,52,52,52,52,52,52,52,52,52
52,52,52,52,52,52,52,52,52,52,52,52,52,52,52,52
52,52,52,52,52,52,52,52,52,52,52,52,52,52,52,52

"CHUNK 0,2304"
52,52,52,52,52,53,53,53,53,53,53,53,53,53,53,53
52,52,52,52,52,53,53,53,53,53,53,53,53,53,53,53
52,52,52,52,52,53,53,53,53,53,53,53,53,53,53,53
52,52,52,52,52,53,53,53,53,53,53,53,53,53,53,53
52,52,52,52,52,53,53,53,53,53,53,53,53,53,53,53
52,52,52,52,52,53,53,53,53,53,53,53,53,53,53,53
52,52,52,52,52,53,53,53,53,53,53,53,53,53,53,53
52,52,52,52,52,53,53,53,53,53,53,53,53,53,53,53
52,52,52,52,52,53,53,53,53,53,53,53,53,53,53,53
52,52,52,52,52,53,53,53,53,53,53,53,53,53,53,53
52,52,52,52,52,53,53,53,53,53,53,53,53,53,53,53
52,52,52,52,52,53,53,53,53,53,53,53,53,53,53,53
52,52,52,52,52,53,53,53,53,53,53,53,53,53,53,53
52,52,52,52,52,53,53,53,53,53,53,53,53,53,53,53
52,52,52,52,52,53,53,53,53,53,53,53,53,53,53,53
52,52,52,52,52,53,53,53,53,53,53,53,53,53,53,53

"CHUNK 256,2304"
53,53,52,52,52,52,52,52,52,52,52,52,52,52,52,53
53,53,52,52,52,52,52,52,52,52,52,52,52,52,52,53
53,53,52,52,52,52,52,52,52,52,52,52,52,52,52,53
53,53,52,52,52,52,52,52,52,52,52,52,52,52,52,53
53,53,52,52,52,52,52,52,52,52,52,52,52,52,52,53
53,53,52,52,52,52,52,52,52,52,52,52,52,52,52,53
53,53,52,52,52,52,52,52,52,52,52,52,52,52,52,53
53,53,52,52,52,52,52,52,52,52,52,52,52,52,52,53
53,53,52,52,52,52,52,52,52,52,52,52,52,52,52,53
53,53,52,52,52,52,52,52,52,52,52,52,52,52,52,53
53,53,52,52,52,52,52,52,52,52,52,52,52,52,52,53
53,53,52,52,52,52,52,52,52,52,52,52,52,52,52,53
53,53,52,52,52,52,52,52,52,52,52,52,52,52,52,53
53,53,52,52,52,52,52,52,52,52,52,52,52,52,52,53
53,53,52,52,52,52,52,52,52,52,52,52,52,52,52,53
53,53,52,52,52,52,52,52,52,52,52,52,52,52,52,53

"CHUNK 512,2304"
53,53,53,53,53,53,53,53,53,53,53,53,52,52,52,52
53,53,53,53,53,53,53,53,53,53,53,53,52,52,52,52
53,53,53,53,53,53,53,53,53,53,53,53,52,52,52,52
53,53,53,53,53,53,53,53,53,53,53,53,52,52,52,52
53,53,53,53,53,53,53,53,53,53,53,53,52,52,52,52
53,53,53,53,53,53,53,53,53,53,53,53,52,52,52,52
53,53,53,53,53,53,53,53,53,53,53,53,52,52,52,52
53,53,53,53,53,53,53,53,53,53,53,53,52,52,52,52
53,53,53,53,53,53,53,53,53,53,53,53,52,52,52,52
53,53,53,53,53,53,53,53,53,53,53,53,52,52,52,52
53,53,53,53,53,53,53,53,53,53,53,53,52,52,52,52
53,53,53,53,53,53,53,53,53,53,53,53,52,52,52,52
53,53,53,53,53,53,53,53,53,53,53,53,52,52,52,52
53,53,53,53,53,53,53,53,53,53,53,53,52,52,52,52
53,53,53,53,53,53,53,53,53,53,53,53,52,52,52,52
53,53,53,53,53,53,53,53,53,53,53,53,52,52,52,52

"CHUNK 768,2304"
52,52,52,52,52,52,52,52,52,53,53,53,53,53,53,53
52,52,52,52,52,52,52,52,52,53,53,53,53,53,53,53
52,52,52,52,52,52,52,52,52,53,53,53,53,53,53,53
52,52,52,52,52,52,52,52,52,53,53,53,53,53,53,53
52,52,52,52,52,52,52,52,52,53,53,53,53,53,53,53
52,52,52,52,52,52,52,52,52,53,53,53,53,53,53,53
52,52,52,52,52,52,52,52,52,53,53,53,53,53,53,53
52,52,52,52,52,52,52,52,52,53,53,53,53,53,53,53
52,52,52,52,52,52,52,52,52,53,53,53,53,53,53,53
52,52,52,52,52,52,52,52,52,53,53,53,53,53,53,53
52,52,52,52,52,52,52,52,52,53,53,53,53,53,53,53
52,52,52,52,52,52,52,52,52,53,53,53,53,53,53,53
52,52,52,52,52,52,52,52,52,53,53,53,53,53,53,53
52,52,52,52,52,52,52,52,52,53,53,53,53,53,53,53
52,52,52,52,52,52,52,52,52,53,53,53,53,53,53,53
52,52,52,52,52,52,52,52,52,53,53,53,53,53,53,53

"CHUNK 1024,2304"
53,53,53,53,53,53,53,53,53,53,52,52,52,52,52,52
53,53,53,53,53,53,53,53,53,53,52,52,52,52,52,52
53,53,53,53,53,53,53,53,53,53,52,52,52,52,52,52
53,53,53,53,53,53,53,53,53,53,52,52,52,52,52,52
53,53,53,53,53,53,53,53,53,53,52,52,52,52,52,52
53,53,53,53,53,53,53,53,53,53,52,52,52,52,52,52
53,53,53,53,53,53,53,53,53,53,52,52,52,52,52,52
53,53,53,53,53,53,53,53,53,53,52,52,52,52,52,52
53,53,53,53,53,53,53,53,53,53,52,52,52,52,52,52
53,53,53,53,53,53,53,53,53,53,52,52,52,52,52,52
53,53,53,53,53,53,53,53,53,53,52,52,52,52,52,52
53,53,53,53,53,53,53,53,53,53,52,52,52,52,52,52
53,53,53,53,53,53,53,53,53,53,52,52,52,52,52,52
53,53,53,53,53,53,53,53,53,53,52,52,52,52,52,52
53,53,53,53,53,53,53,53,53,53,52,52,52,52,52,52
53,53,53,53,53,53,53,53,53,53,52,52,52,52,52,52

"CHUNK 1280,2304"
52,52,52,52,52,52,52,52,52,52,52,53,53,53,53,53
52,52,52,52,52,52,52,52,52,52,52,53,53,53,53,53
52,52,52,52,52,52,52,52,52,52,52,53,53,53,53,53
52,52,52,52,52,52,52,52,52,52,52,53,53,53,53,53
52,52,52,52,52,52,52,52,52,52,52,53,53,53,53,53
52,52,52,52,52,52,52,52,52,52,52,53,53,53,53,53
52,52,52,52,52,52,52,52,52,52,52,53,53,53,53,53
52,52,52,52,52,52,52,52,52,52,52,53,53,53,53,53
52,52,52,52,52,52,52,52,52,52,52,53,53,53,53,53
52,52,52,52,52,52,52,52,52,52,52,53,53,53,53,53
52,52,52,52,52,52,52,52,52,52,52,53,53,53,53,53
52,52,52,52,52,52,52,52,52,52,52,53,53,53,53,53
52,52,52,52,52,52,52,52,52,52,52,53,53,53,53,53
52,52,52,52,52,52,52,52,52,52,52,53,53,53,53,53
52,52,52,52,52,52,52,52,52,52,52,53,53,53,53,53
52,52,52,52,52,52,52,52,52,52,52,53,53,53,53,53

"CHUNK 1536,2304"
53,53,53,53,53,53,53,53,53,53,53,53,53,53,53,53
53,53,53,53,53,53,53,53,53,53,53,53,53,53,53,53
53,53,53,53,53,53,53,53,53,53,53,53,53,53,53,53
53,53,53,53,53,53,53,53,53,53,53,53,53,53,53,53
53,53,53,53,53,53,53,53,53,53,53,53,53,53,53,53
53,53,53,53,53,53,53,53,53,53,53,53,53,53,53,53
53,53,53,53,53,53,53,53,53,53,53,53,53,53,53,53
53,53,53,53,53,53,53,53,53,53,53,53,53,53,53,53
53,53,53,53,53,53,53,53,53,53,53,53,53,53,53,53
53,53,53,53,53,53,53,53,53,53,53,53,53,53,53,53
53,53,53,53,53,53,53,53,53,53,53,53,53,53,53,53
53,53,53,53,53,53,53,53,53,53,53,53,53,53,53,53
53,53,53,53,53,53,53,53,53,53,53,53,53,53,53,53
53,53,53,53,53,53,53,53,53,53,53,53,53,53,53,53
53,53,53,53,53,53,53,53,53,53,53,53,53,53,53,53
53,53,53,53,53,53,53,53,53,53,53,53,53,53,53,53

"CHUNK 1792,2304"
53,53,53,53,53,52,52,52,52,52,52,52,52,52,52,52
53,53,53,53,53,52,52,52,52,52,52,52,52,52,52,52
53,53,53,53,53,52,52,52,52,52,52,52,52,52,52,52
53,53,53,53,53,52,52,52,52,52,52,52,52,52,52,52
53,53,53,53,53,52,52,52,52,52,52,52,52,52,52,52
53,53,53,53,53,52,52,52,52,52,52,52,52,52,52,52
53,53,53,53,53,52,52,52,52,52,52,52,52,52,52,52
53,53,53,53,53,52,52,52,52,52,52,52,52,52,52,52
53,53,53,53,53,52,52,52,52,52,52,52,52,52,52,52
53,53,53,53,53,52,52,52,52,52,52,52,52,52,52,52
53,53,53,53,53,52,52,52,52,52,52,52,52,52,52,52
53,53,53,53,53,52,52,52,52,52,52,52,52,52,52,52
53,53,53,53,53,52,52,52,52,52,52,52,52,52,52,52
53,53,53,53,53,52,52,52,52,52,52,52,52,52,52,52
53,53,53,53,53,52,52,52,52,52,52,52,52,52,52,52
53,53,53,53,53,52,52,52,52,52,52,52,52,52,52,52

"CHUNK 2048,2304"
53,53,53,53,53,53,53,53,53,53,53,53,53,53,53,53
53,53,53,53,53,53,53,53,53,53,53,53,53,53,53,53
53,53,53,53,53,53,53,53,53,53,53,53,53,53,53,53
53,53,53,53,53,53,53,53,53,53,53,53,53,53,53,53
53,53,53,53,53,53,53,53,53,53,53,53,53,53,53,53
53,53,53,53,53,53,53,53,53,53,53,53,53,53,53,53
53,53,53,53,53,53,53,53,53,53,53,53,53,53,53,53
53,53,53,53,53,53,53,53,53,53,53,53,53,53,53,53
53,53,53,53,53,53,53,53,53,53,53,53,53,53,53,53
53,53,53,53,53,53,53,53,53,53,53,53,53,53,53,53
53,53,53,53,53,53,53,53,53,53,53,53,53,53,53,53
53,53,53,53,53,53,53,53,53,53,53,53,53,53,53,53
53,53,53,53,53,53,53,53,53,53,53,53,53,53,53,53
53,53,53,53,53,53,53,53,53,53,53,53,53,53,53,53
53,53,53,53,53,53,53,53,53,53,53,53,53,53,53,53
53,53,53,53,53,53,53,53,53,53,53,53,53,53,53,53

"CHUNK 2304,2304"
53,53,53,53,53,53,53,53,53,53,53,53,53,53,53,52
53,53,53,53,53,53,53,53,53,53,53,53,53,53,53,52
53,53,53,53,53,53,53,53,53,53,53,53,53,53,53,52
53,53,53,53,53,53,53,53,53,53,53,53,53,53,53,52
53,53,53,53,53,53,53,53,53,53,53,53,53,53,53,52
53,53,53,53,53,53,53,53,53,53,53,53,53,53,53,52
53,53,53,53,53,53,53,53,53,53,53,53,53,53,53,52
53,53,53,53,53,53,53,53,53,53,53,53,53,53,53,52
53,53,53,53,53,53,53,53,53,53,53,53,53,53,53,52
53,53,53,53,53,53,53,53,53,53,53,53,53,53,53,52
53,53,53,53,53,53,53,53,53,53,53,53,53,53,53,52
53,53,53,53,53,53,53,53,53,53,53,53,53,53,53,52
53,53,53,53,53,53,53,53,53,53,53,53,53,53,53,52
53,53,53,53,53,53,53,53,53,53,53,53,53,53,53,52
53,53,53,53,53,53,53,53,53,53,53,53,53,53,53,52
53,53,53,53,53,53,53,53,53,53,53,53,53,53,53,52

"CHUNK 2560,2304"
52,52,52,52,52,52,52,52,52,52,52,52,52,52,52,52
52,52,52,52,52,52,52,52,52,52,52,52,52,52,52,52
52,52,52,52,52,52,52,52,52,52,52,52,52,52,52,52
52,52,52,52,52,52,52,52,52,52,52,52,52,52,52,52
52,52,52,52,52,52,52,52,52,52,52,52,52,52,52,52
52,52,52,52,52,52,52,52,52,52,52,52,52,52,52,52
52,52,52,52,52,52,52,52,52,52,52,52,52,52,52,52
52,52,52,52,52,52,52,52,52,52,52,52,52,52,52,52
52,52,52,52,52,52,52,52,52,52,52,52,52,52,52,52
52,52,52,52,52,52,52,52,52,52,52,52,52,52,52,52
52,52,52,52,52,52,52,52,52,52,52,52,52,52,52,52
52,52,52,52,52,52,52,52,52,52,52,52,52,52,52,52
52,52,52,52,52,52,52,52,52,52,52,52,52,52,52,52
52,52,52,52,52,52,52,52,52,52,52,52,52,52,52,52
52,52,52,52,52,52,52,52,52,52,52,52,52,52,52,52
52,52,52,52,52,52,52,52,52,52,52,52,52,52,52,52

"CHUNK 2816,2304"
52,53,53,53,53,53,53,53,53,53,53,53,53,53,53,53
52,53,53,53,53,53,53,53,53,53,53,53,53,53,53,53
52,53,53,53,53,53,53,53,53,53,53,53,53,53,53,53
52,53,53,53,53,53,53,53,53,53,53,53,53,53,53,53
52,53,53,53,53,53,53,53,53,53,53,53,53,53,53,53
52,53,53,53,53,53,53,53,53,53,53,53,53,53,53,53
52,53,53,53,53,53,53,53,53,53,53,53,53,53,53,53
52,53,53,53,53,53,53,53,53,53,53,53,53,53,53,53
52,53,53,53,53,53,53,53,53,53,53,53,53,53,53,53
52,53,53,53,53,53,53,53,53,53,53,53,53,53,53,53
52,53,53,53,53,53,53,53,53,53,53,53,53,53,53,53
52,53,53,53,53,53,53,53,53,53,53,53,53,53,53,53
52,53,53,53,53,53,53,53,53,53,53,53,53,53,53,53
52,53,53,53,53,53,53,53,53,53,53,53,53,53,53,53
52,53,53,53,53,53,53,53,53,53,53,53,53,53,53,53
52,53,53,53,53,53,53,53,53,53,53,53,53,53,53,53

"CHUNK 3072,2304"
53,53,53,53,53,53,53,53,53,53,53,53,53,53,53,53
53,53,53,53,53,53,53,53,53,53,53,53,53,53,53,53
53,53,53,53,53,53,53,53,53,53,53,53,53,53,53,53
53,53,53,53,53,53,53,53,53,53,53,53,53,53,53,53
53,53,53,53,53,53,53,53,53,53,53,53,53,53,53,53
53,53,53,53,53,53,53,53,53,53,53,53,53,53,53,53
53,53,53,53,53,53,53,53,53,53,53,53,53,53,53,53
53,53,53,53,53,53,53,53,53,53,53,53,53,53,53,53
53,53,53,53,53,53,53,53,53,53,53,53,53,53,53,53
53,53,53,53,53,53,53,53,53,53,53,53,53,53,53,53
53,53,53,53,53,53,53,53,53,53,53,53,53,53,53,53
53,53,53,53,53,53,53,53,53,53,53,53,53,53,53,53
53,53,53,53,53,53,53,53,53,53,53,53,53,53,53,53
53,53,53,53,53,53,53,53,53,53,53,53,53,53,53,53
53,53,53,53,53,53,53,53,53,53,53,53,53,53,53,53
53,53,53,53,53,53,53,53,53,53,53,53,53,53,53,53

"CHUNK 3328,2304"
53,53,53,53,53,53,53,53,53,53,53,53,53,53,53,53
53,53,53,53,53,53,53,53,53,53,53,53,53,53,53,53
53,53,53,53,53,53,53,53,53,53,53,53,53,53,53,53
53,53,53,53,53,53,53,53,53,53,53,53,53,53,53,53
53,53,53,53,53,53,53,53,53,53,53,53,53,53,53,53
53,53,53,53,53,53,53,53,53,53,53,53,53,53,53,53
53,53,53,53,53,53,53,53,53,53,53,53,53,53,53,53
53,53,53,53,53,53,53,53,53,53,53,53,53,53,53,53
53,53,53,53,53,53,53,53,53,53,53,53,53,53,53,53
53,53,53,53,53,53,53,53,53,53,53,53,53,53,53,53
53,53,53,53,53,53,53,53,53,53,53,53,53,53,53,53
53,53,53,53,53,53,53,53,53,53,53,53,53,53,53,53
53,53,53,53,53,53,53,53,53,53,53,53,53,53,53,53
53,53,53,53,53,53,53,53,53,53,53,53,53,53,53,53
53,53,53,53,53,53,53,53,53,53,53,53,53,53,53,53
53,53,53,53,53,53,53,53,53,53,53,53,53,53,53,53

"CHUNK 3584,2304"
53,53,53,53,53,53,53,52,52,52,52,52,52,52,52,52
53,53,53,53,53,53,53,52,52,52,52,52,52,52,52,52
53,53,53,53,53,53,53,52,52,52,52,52,52,52,52,52
53,53,53,53,53,53,53,52,52,52,52,52,52,52,52,52
53,53,53,53,53,53,53,52,52,52,52,52,52,52,52,52
53,53,53,53,53,53,53,52,52,52,52,52,52,52,52,52
53,53,53,53,53,53,53,52,52,52,52,52,52,52,52,52
53,53,53,53,53,53,53,52,52,52,52,52,52,52,52,52
53,53,53,53,53,53,53,52,52,52,52,52,52,52,52,52
53,53,53,53,53,53,53,52,52,52,52,52,52,52,52,52
53,53,53,53,53,53,53,52,52,52,52,52,52,52,52,52
53,53,53,53,53,53,53,52,52,52,52,52,52,52,52,52
53,53,53,53,53,53,53,52,52,52,52,52,52,52,52,52
53,53,53,53,53,53,53,52,52,52,52,52,52,52,52,52
53,53,53,53,53,53,53,52,52,52,52,52,52,52,52,52
53,53,53,53,53,53,53,52,52,52,52,52,52,52,52,52

"CHUNK 3840,2304"
52,52,52,52,52,52,52,52,52,52,52,52,52,52,52,52
52,52,52,52,52,52,52,52,52,52,52,52,52,52,52,52
52,52,52,52,52,52,52,52,52,52,52,52,52,52,52,52
52,52,52,52,52,52,52,52,52,52,52,52,52,52,52,52
52,52,52,52,52,52,52,52,52,52,52,52,52,52,52,52
52,52,52,52,52,52,52,52,52,52,52,52,52,52,52,52
52,52,52,52,52,52,52,52,52,52,52,52,52,52,52,52
52,52,52,52,52,52,52,52,52,52,52,52,52,52,52,52
52,52,52,52,52,52,52,52,52,52,52,52,52,52,52,52
52,52,52,52,52,52,52,52,52,52,52,52,52,52,52,52
52,52,52,52,52,52,52,52,52,52,52,52,52,52,52,52
52,52,52,52,52,52,52,52,52,52,52,52,52,52,52,52
52,52,52,52,52,52,52,52,52,52,52,52,52,52,52,52
52,52,52,52,52,52,52,52,52,52,52,52,52,52,52,52
52,52,52,52,52,52,52,52,52,52,52,52,52,52,52,52
52,52,52,52,52,52,52,52,52,52,52,52,52,52,52,52

"CHUNK 4096,2304"
52,52,52,52,52,52,52,52,52,52,52,52,52,52,52,52
52,52,52,52,52,52,52,52,52,52,52,52,52,52,52,52
52,52,52,52,52,52,52,52,52,52,52,52,52,52,52,52
52,52,52,52,52,52,52,52,52,52,52,52,52,52,52,52
52,52,52,52,52,52,52,52,52,52,52,52,52,52,52,52
52,52,52,52,52,52,52,52,52,52,52,52,52,52,52,52
52,52,52,52,52,52,52,52,52,52,52,52,52,52,52,52
52,52,52,52,52,52,52,52,52,52,52,52,52,52,52,52
52,52,52,52,52,52,52,52,52,52,52,52,52,52,52,52
52,52,52,52,52,52,52,52,52,52,52,52,52,52,52,52
52,52,52,52,52,52,52,52,52,52,52,52,52,52,52,52
52,52,52,52,52,52,52,52,52,52,52,52,52,52,52,52
52,52,52,52,52,52,52,52,52,52,52,52,52,52,52,52
52,52,52,52,52,52,52,52,52,52,52,52,52,52,52,52
52,52,52,52,52,52,52,52,52,52,52,52,52,52,52,52
52,52,52,52,52,52,52,52,52,52,52,52,52,52,52,52

"CHUNK 4352,2304"
52,52,52,52,52,52,52,52,52,52,52,52,52,52,52,52
52,52,52,52,52,52,52,52,52,52,52,52,52,52,52,52
52,52,52,52,52,52,52,52,52,52,52,52,52,52,52,52
52,52,52,52,52,52,52,52,52,52,52,52,52,52,52,52
52,52,52,52,52,52,52,52,52,52,52,52,52,52,52,52
52,52,52,52,52,52,52,52,52,52,52,52,52,52,52,52
52,52,52,52,52,52,52,52,52,52,52,52,52,52,52,52
52,52,52,52,52,52,52,52,52,52,52,52,52,52,52,52
52,52,52,52,52,52,52,52,52,52,52,52,52,52,52,52
52,52,52,52,52,52,52,52,52,52,52,52,52,52,52,52
52,52,52,52,52,52,52,52,52,52,52,52,52,52,52,52
52,52,52,52,52,52,52,52,52,52,52,52,52,52,52,52
52,52,52,52,52,52,52,52,52,52,52,52,52,52,52,52
52,52,52,52,52,52,52,52,52,52,52,52,52,52,52,52
52,52,52,52,52,52,52,52,52,52,52,52,52,52,52,52
52,52,52,52,52,52,52,52,52,52,52,52,52,52,52,52

"CHUNK 4608,2304"
52,52,52,52,52,52,52,52,52,52,52,52,52,52,52,52
52,52,52,52,52,52,52,52,52,52,52,52,52,52,52,52
52,52,52,52,52,52,52,52,52,52,52,52,52,52,52,52
52,52,52,52,52,52,52,52,52,52,52,52,52,52,52,52
52,52,52,52,52,52,52,52,52,52,52,52,52,52,52,52
52,52,52,52,52,52,52,52,52,52,52,52,52,52,52,52
52,52,52,52,52,52,52,52,52,52,52,52,52,52,52,52
52,52,52,52,52,52,52,52,52,52,52,52,52,52,52,52
52,52,52,52,52,52,52,52,52,52,52,52,52,52,52,52
52,52,52,52,52,52,52,52,52,52,52,52,52,52,52,52
52,52,52,52,52,52,52,52,52,52,52,52,52,52,52,52
52,52,52,52,52,52,52,52,52,52,52,52,52,52,52,52
52,52,52,52,52,52,52,52,52,52,52,52,52,52,52,52
52,52,52,52,52,52,52,52,52,52,52,52,52,52,52,52
52,52,52,52,52,52,52,52,52,52,52,52,52,52,52,52
52,52,52,52,52,52,52,52,52,52,52,52,52,52,52,52

"CHUNK 4864,2304"
52,52,52,52,52,52,52,52,52,52,52,52,52,52,52,52
52,52,52,52,52,52,52,52,52,52,52,52,52,52,52,52
52,52,52,52,52,52,52,52,52,52,52,52,52,52,52,52
52,52,52,52,52,52,52,52,52,52,52,52,52,52,52,52
52,52,52,52,52,52,52,52,52,52,52,52,52,52,52,52
52,52,52,52,52,52,52,52,52,52,52,52,52,52,52,52
52,52,52,52,52,52,52,52,52,52,52,52,52,52,52,52
52,52,52,52,52,52,52,52,52,52,52,52,52,52,52,52
52,52,52,52,52,52,52,52,52,52,52,52,52,52,52,52
52,52,52,52,52,52,52,52,52,52,52,52,52,52,52,52
52,52,52,52,52,52,52,52,52,52,52,52,52,52,52,52
52,52,52,52,52,52,52,52,52,52,52,52,52,52,52,52
52,52,52,52,52,52,52,52,52,52,52,52,52,52,52,52
52,52,52,52,52,52,52,52,52,52,52,52,52,52,52,52
52,52,52,52,52,52,52,52,52,52,52,52,52,52,52,52
52,52,52,52,52,52,52,52,52,52,52,52,52,52,52,52

"CHUNK 0,2560"
52,52,52,52,52,53,53,53,53,53,53,53,53,53,53,53
52,52,52,52,52,53,53,53,53,53,53,53,53,53,53,53
52,52,52,52,52,53,53,53,53,53,53,53,53,53,53,53
52,52,52,52,52,53,53,53,53,53,53,53,53,53,53,53
52,52,52,52,52,53,53,53,53,53,53,53,53,53,53,53
52,52,52,52,52,53,53,53,53,53,53,53,53,53,53,53
52,52,52,52,52,53,53,53,53,53,53,53,53,53,53,53
52,52,52,52,52,53,53,53,53,53,53,53,53,53,53,53
52,52,52,52,52,53,53,53,53,53,53,53,53,53,53,53
52,52,52,52,52,53,53,53,53,53,53,53,53,53,53,53
52,52,52,52,52,53,53,53,53,53,53,53,53,53,53,53
52,52,52,52,52,53,53,53,53,53,53,53,53,53,53,53
52,52,52,52,52,53,53,53,53,53,53,53,53,53,53,53
52,52,52,52,52,53,53,53,53,53,53,53,53,53,53,53
52,52,52,52,52,53,53,53,53,53,53,53,53,53,53,53
52,52,52,52,52,53,53,53,53,53,53,53,53,53,53,53

"CHUNK 256,2560"
53,53,52,52,52,52,52,52,52,52,52,52,52,52,52,53
53,53,52,52,52,52,52,52,52,52,52,52,52,52,52,53
53,53,52,52,52,52,52,52,52,52,52,52,52,52,52,53
53,53,52,52,52,52,52,52,52,52,52,52,52,52,52,53
53,53,52,52,52,52,52,52,52,52,52,52,52,52,52,53
53,53,52,52,52,52,52,52,52,52,52,52,52,52,52,53
53,53,52,52,52,52,52,52,52,52,52,52,52,52,52,53
53,53,52,52,52,52,52,52,52,52,52,52,52,52,52,53
53,53,52,52,52,52,52,52,52,52,52,52,52,52,52,53
53,53,52,52,52,52,52,52,52,52,52,52,52,52,52,53
53,53,52,52,52,52,52,52,52,52,52,52,52,52,52,53
53,53,52,52,52,52,52,52,52,52,52,52,52,52,52,53
53,53,52,52,52,52,52,52,52,52,52,52,52,52,52,53
53,53,52,52,52,52,52,52,52,52,52,52,52,52,52,53
53,53,52,52,52,52,52,52,52,52,52,52,52,52,52,53
53,53,52,52,52,52,52,52,52,52,52,52,52,52,52,53

"CHUNK 512,2560"
53,53,53,53,53,53,53,53,53,53,53,53,52,52,52,52
53,53,53,53,53,53,53,53,53,53,53,53,52,52,52,52
53,53,53,53,53,53,53,53,53,53,53,53,52,52,52,52
53,53,53,53,53,53,53,53,53,53,53,53,52,52,52,52
53,53,53,53,53,53,53,53,53,53,53,53,52,52,52,52
53,53,53,53,53,53,53,53,53,53,53,53,52,52,52,52
53,53,53,53,53,53,53,53,53,53,53,53,52,52,52,52
53,53,53,53,53,53,53,53,53,53,53,53,52,52,52,52
53,53,53,53,53,53,53,53,53,53,53,53,52,52,52,52
53,53,53,53,53,53,53,53,53,53,53,53,52,52,52,52
53,53,53,53,53,53,53,53,53,53,53,53,52,52,52,52
53,53,53,53,53,53,53,53,53,53,53,53,52,52,52,52
53,53,53,53,53,53,53,53,53,53,53,53,52,52,52,52
53,53,53,53,53,53,53,53,53,53,53,53,52,52,52,52
53,53,53,53,53,53,53,53,53,53,53,53,52,52,52,52
53,53,53,53,53,53,53,53,53,53,53,53,52,52,52,52

"CHUNK 768,2560"
52,52,52,52,52,52,52,52,52,53,53,53,53,53,53,53
52,52,52,52,52,52,52,52,52,53,53,53,53,53,53,53
52,52,52,52,52,52,52,52,52,53,53,53,53,53,53,53
52,52,52,52,52,52,52,52,52,53,53,53,53,53,53,53
52,52,52,52,52,52,52,52,52,53,53,53,53,53,53,53
52,52,52,52,52,52,52,52,52,53,53,53,53,53,53,53
52,52,52,52,52,52,52,52,52,53,53,53,53,53,53,53
52,52,52,52,52,52,52,52,52,53,53,53,53,53,53,53
52,52,52,52,52,52,52,52,52,53,53,53,53,53,53,53
52,52,52,52,52,52,52,52,52,53,53,53,53,53,53,53
52,52,52,52,52,52,52,52,52,53,53,53,53,53,53,53
52,52,52,52,52,52,52,52,52,53,53,53,53,53,53,53
52,52,52,52,52,52,52,52,52,53,53,53,53,53,53,53
52,52,52,52,52,52,52,52,52,53,53,53,53,53,53,53
52,52,52,52,52,52,52,52,52,53,53,53,53,53,53,53
52,52,52,52,52,52,52,52,52,53,53,53,53,53,53,53

"CHUNK 1024,2560"
53,53,53,53,53,53,53,53,53,53,52,52,52,52,52,52
53,53,53,53,53,53,53,53,53,53,52,52,52,52,52,52
53,53,53,53,53,53,53,53,53,53,52,52,52,52,52,52
53,53,53,53,53,53,53,53,53,53,52,52,52,52,52,52
53,53,53,53,53,53,53,53,53,53,52,52,52,52,52,52
53,53,53,53,53,53,53,53,53,53,52,52,52,52,52,52
53,53,53,53,53,53,53,53,53,53,52,52,52,52,52,52
53,53,53,53,53,53,53,53,53,53,52,52,52,52,52,52
53,53,53,53,53,53,53,53,53,53,52,52,52,52,52,52
53,53,53,53,53,53,53,53,53,53,52,52,52,52,52,52
53,53,53,53,53,53,53,53,53,53,52,52,52,52,52,52
53,53,53,53,53,53,53,53,53,53,52,52,52,52,52,52
53,53,53,53,53,53,53,53,53,53,52,52,52,52,52,52
53,53,53,53,53,53,53,53,53,53,52,52,52,52,52,52
53,53,53,53,53,53,53,53,53,53,52,52,52,52,52,52
53,53,53,53,53,53,53,53,53,53,52,52,52,52,52,52

"CHUNK 1280,2560"
52,52,52,52,52,52,52,52,52,52,52,53,53,53,53,53
52,52,52,52,52,52,52,52,52,52,52,53,53,53,53,53
52,52,52,52,52,52,52,52,52,52,52,53,53,53,53,53
52,52,52,52,52,52,52,52,52,52,52,53,53,53,53,53
52,52,52,52,52,52,52,52,52,52,52,53,53,53,53,53
52,52,52,52,52,52,52,52,52,52,52,53,53,53,53,53
52,52,52,52,52,52,52,52,52,52,52,53,53,53,53,53
52,52,52,52,52,52,52,52,52,52,52,53,53,53,53,53
52,52,52,52,52,52,52,52,52,52,52,53,53,53,53,53
52,52,52,52,52,52,52,52,52,52,52,53,53,53,53,53
52,52,52,52,52,52,52,52,52,52,52,53,53,53,53,53
52,52,52,52,52,52,52,52,52,52,52,53,53,53,53,53
52,52,52,52,52,52,52,52,52,52,52,53,53,53,53,53
52,52,52,52,52,52,52,52,52,52,52,53,53,53,53,53
52,52,52,52,52,52,52,52,52,52,52,53,53,53,53,53
52,52,52,52,52,52,52,52,52,52,52,53,53,53,53,53

"CHUNK 1536,2560"
53,53,53,53,53,53,53,53,53,53,53,53,53,53,53,53
53,53,53,53,53,53,53,53,53,53,53,53,53,53,53,53
53,53,53,53,53,53,53,53,53,53,53,53,53,53,53,53
53,53,53,53,53,53,53,53,53,53,53,53,53,53,53,53
53,53,53,53,53,53,53,53,53,53,53,53,53,53,53,53
53,53,53,53,53,53,53,53,53,53,53,53,53,53,53,53
53,53,53,53,53,53,53,53,53,53,53,53,53,53,53,53
53,53,53,53,53,53,53,53,53,53,53,53,53,53,53,53
53,53,53,53,53,53,53,53,53,53,53,53,53,53,53,53
53,53,53,53,53,53,53,53,53,53,53,53,53,53,53,53
53,53,53,53,53,53,53,53,53,53,53,53,53,53,53,53
53,53,53,53,53,53,53,53,53,53,53,53,53,53,53,53
53,53,53,53,53,53,53,53,53,53,53,53,53,53,53,53
53,53,53,53,53,53,53,53,53,53,53,53,53,53,53,53
53,53,53,53,53,53,53,53,53,53,53,53,53,53,53,53
53,53,53,53,53,53,53,53,53,53,53,53,53,53,53,53

"CHUNK 1792,2560"
53,53,53,53,53,52,52,52,52,52,52,52,52,52,52,52
53,53,53,53,53,52,52,52,52,52,52,52,52,52,52,52
53,53,53,53,53,52,52,52,52,52,52,52,52,52,52,52
53,53,53,53,53,52,52,52,52,52,52,52,52,52,52,52
53,53,53,53,53,52,52,52,52,52,52,52,52,52,52,52
53,53,53,53,53,52,52,52,52,52,52,52,52,52,52,52
53,53,53,53,53,52,52,52,52,52,52,52,52,52,52,52
53,53,53,53,53,52,52,52,52,52,52,52,52,52,52,52
53,53,53,53,53,52,52,52,52,52,52,52,52,52,52,52
53,53,53,53,53,52,52,52,52,52,52,52,52,52,52,52
53,53,53,53,53,52,52,52,52,52,52,52,52,52,52,52
53,53,53,53,53,52,52,52,52,52,52,52,52,52,52,52
53,53,53,53,53,52,52,52,52,52,52,52,52,52,52,52
53,53,53,53,53,52,52,52,52,52,52,52,52,52,52,52
53,53,53,53,53,52,52,52,52,52,52,52,52,52,52,52
53,53,53,53,53,52,52,52,52,52,52,52,52,52,52,52

"CHUNK 2048,2560"
53,53,53,53,53,53,53,53,53,53,53,53,53,53,53,53
53,53,53,53,53,53,53,53,53,53,53,53,53,53,53,53
53,53,53,53,53,53,53,53,53,53,53,53,53,53,53,53
53,53,53,53,53,53,53,53,53,53,53,53,53,53,53,53
53,53,53,53,53,53,53,53,53,53,53,53,53,53,53,53
53,53,53,53,53,53,53,53,53,53,53,53,53,53,53,53
53,53,53,53,53,53,53,53,53,53,53,53,53,53,53,53
53,53,53,53,53,53,53,53,53,53,53,53,53,53,53,53
53,53,53,53,53,53,53,53,53,53,53,53,53,53,53,53
53,53,53,53,53,53,53,53,53,53,53,53,53,53,53,53
53,53,53,53,53,53,53,53,53,53,53,53,53,53,53,53
53,53,53,53,53,53,53,53,53,53,53,53,53,53,53,53
53,53,53,53,53,53,53,53,53,53,53,53,53,53,53,53
53,53,53,53,53,53,53,53,53,53,53,53,53,53,53,53
53,53,53,53,53,53,53,53,53,53,53,53,53,53,53,53
53,53,53,53,53,53,53,53,53,53,53,53,53,53,53,53

"CHUNK 2304,2560"
53,53,53,53,53,53,53,53,53,53,53,53,53,53,53,52
53,53,53,53,53,53,53,53,53,53,53,53,53,53,53,52
53,53,53,53,53,53,53,53,53,53,53,53,53,53,53,52
53,53,53,53,53,53,53,53,53,53,53,53,53,53,53,52
53,53,53,53,53,53,53,53,53,53,53,53,53,53,53,52
53,53,53,53,53,53,53,53,53,53,53,53,53,53,53,52
53,53,53,53,53,53,53,53,53,53,53,53,53,53,53,52
53,53,53,53,53,53,53,53,53,53,53,53,53,53,53,52
53,53,53,53,53,53,53,53,53,53,53,53,53,53,53,52
53,53,53,53,53,53,53,53,53,53,53,53,53,53,53,52
53,53,53,53,53,53,53,53,53,53,53,53,53,53,53,52
53,53,53,53,53,53,53,53,53,53,53,53,53,53,53,52
53,53,53,53,53,53,53,53,53,53,53,53,53,53,53,52
53,53,53,53,53,53,53,53,53,53,53,53,53,53,53,52
53,53,53,53,53,53,53,53,53,53,53,53,53,53,53,52
53,53,53,53,53,53,53,53,53,53,53,53,53,53,53,52

"CHUNK 2560,2560"
52,52,52,52,52,52,52,52,52,52,52,52,52,52,52,52
52,52,52,52,52,52,52,52,52,52,52,52,52,52,52,52
52,52,52,52,52,52,52,52,52,52,52,52,52,52,52,52
52,52,52,52,52,52,52,52,52,52,52,52,52,52,52,52
52,52,52,52,52,52,52,52,52,52,52,52,52,52,52,52
52,52,52,52,52,52,52,52,52,52,52,52,52,52,52,52
52,52,52,52,52,52,52,52,52,52,52,52,52,52,52,52
52,52,52,52,52,52,52,52,52,52,52,52,52,52,52,52
52,52,52,52,52,52,52,52,52,52,52,52,52,52,52,52
52,52,52,52,52,52,52,52,52,52,52,52,52,52,52,52
52,52,52,52,52,52,52,52,52,52,52,52,52,52,52,52
52,52,52,52,52,52,52,52,52,52,52,52,52,52,52,52
52,52,52,52,52,52,52,52,52,52,52,52,52,52,52,52
52,52,52,52,52,52,52,52,52,52,52,52,52,52,52,52
52,52,52,52,52,52,52,52,52,52,52,52,52,52,52,52
52,52,52,52,52,52,52,52,52,52,52,52,52,52,52,52

"CHUNK 2816,2560"
52,53,53,53,53,53,53,53,53,53,53,53,53,53,53,53
52,53,53,53,53,53,53,53,53,53,53,53,53,53,53,53
52,53,53,53,53,53,53,53,53,53,53,53,53,53,53,53
52,53,53,53,53,53,53,53,53,53,53,53,53,53,53,53
52,53,53,53,53,53,53,53,53,53,53,53,53,53,53,53
52,53,53,53,53,53,53,53,53,53,53,53,53,53,53,53
52,53,53,53,53,53,53,53,53,53,53,53,53,53,53,53
52,53,53,53,53,53,53,53,53,53,53,53,53,53,53,53
52,53,53,53,53,53,53,53,53,53,53,53,53,53,53,53
52,53,53,53,53,53,53,53,53,53,53,53,53,53,53,53
52,53,53,53,53,53,53,53,53,53,53,53,53,53,53,53
52,53,53,53,53,53,53,53,53,53,53,53,53,53,53,53
52,53,53,53,53,53,53,53,53,53,53,53,53,53,53,53
52,53,53,53,53,53,53,53,53,53,53,53,53,53,53,53
52,53,53,53,53,53,53,53,53,53,53,53,53,53,53,53
52,53,53,53,53,53,53,53,53,53,53,53,53,53,53,53

"CHUNK 3072,2560"
53,53,53,53,53,53,53,53,53,53,53,53,53,53,53,53
53,53,53,53,53,53,53,53,53,53,53,53,53,53,53,53
53,53,53,53,53,53,53,53,53,53,53,53,53,53,53,53
53,53,53,53,53,53,53,53,53,53,53,53,53,53,53,53
53,53,53,53,53,53,53,53,53,53,53,53,53,53,53,53
53,53,53,53,53,53,53,53,53,53,53,53,53,53,53,53
53,53,53,53,53,53,53,53,53,53,53,53,53,53,53,53
53,53,53,53,53,53,53,53,53,53,53,53,53,53,53,53
53,53,53,53,53,53,53,53,53,53,53,53,53,53,53,53
53,53,53,53,53,53,53,53,53,53,53,53,53,53,53,53
53,53,53,53,53,53,53,53,53,53,53,53,53,53,53,53
53,53,53,53,53,53,53,53,53,53,53,53,53,53,53,53
53,53,53,53,53,53,53,53,53,53,53,53,53,53,53,53
53,53,53,53,53,53,53,53,53,53,53,53,53,53,53,53
53,53,53,53,53,53,53,53,53,53,53,53,53,53,53,53
53,53,53,53,53,53,53,53,53,53,53,53,53,53,53,53

"CHUNK 3328,2560"
53,53,53,53,53,53,53,53,53,53,53,53,53,53,53,53
53,53,53,53,53,53,53,53,53,53,53,53,53,53,53,53
53,53,53,53,53,53,53,53,53,53,53,53,53,53,53,53
53,53,53,53,53,53,53,53,53,53,53,53,53,53,53,53
53,53,53,53,53,53,53,53,53,53,53,53,53,53,53,53
53,53,53,53,53,53,53,53,53,53,53,53,53,53,53,53
53,53,53,53,53,53,53,53,53,53,53,53,53,53,53,53
53,53,53,53,53,53,53,53,53,53,53,53,53,53,53,53
53,53,53,53,53,53,53,53,53,53,53,53,53,53,53,53
53,53,53,53,53,53,53,53,53,53,53,53,53,53,53,53
53,53,53,53,53,53,53,53,53,53,53,53,53,53,53,53
53,53,53,53,53,53,53,53,53,53,53,53,53,53,53,53
53,53,53,53,53,53,53,53,53,53,53,53,53,53,53,53
53,53,53,53,53,53,53,53,53,53,53,53,53,53,53,53
53,53,53,53,53,53,53,53,53,53,53,53,53,53,53,53
53,53,53,53,53,53,53,53,53,53,53,53,53,53,53,53

"CHUNK 3584,2560"
53,53,53,53,53,53,53,52,52,52,52,52,52,52,52,52
53,53,53,53,53,53,53,52,52,52,52,52,52,52,52,52
53,53,53,53,53,53,53,52,52,52,52,52,52,52,52,52
53,53,53,53,53,53,53,52,52,52,52,52,52,52,52,52
53,53,53,53,53,53,53,52,52,52,52,52,52,52,52,52
53,53,53,53,53,53,53,52,52,52,52,52,52,52,52,52
53,53,53,53,53,53,53,52,52,52,52,52,52,52,52,52
53,53,53,53,53,53,53,52,52,52,52,52,52,52,52,52
53,53,53,53,53,53,53,52,52,52,52,52,52,52,52,52
53,53,53,53,53,53,53,52,52,52,52,52,52,52,52,52
53,53,53,53,53,53,53,52,52,52,52,52,52,52,52,52
53,53,53,53,53,53,53,52,52,52,52,52,52,52,52,52
53,53,53,53,53,53,53,52,52,52,52,52,52,52,52,52
53,53,53,53,53,53,53,52,52,52,52,52,52,52,52,52
53,53,53,53,53,53,53,52,52,52,52,52,52,52,52,52
53,53,53,53,53,53,53,52,52,52,52,52,52,52,52,52

"CHUNK 3840,2560"
52,52,52,52,52,52,52,52,52,52,52,52,52,52,52,52
52,52,52,52,52,52,52,52,52,52,52,52,52,52,52,52
52,52,52,52,52,52,52,52,52,52,52,52,52,52,52,52
52,52,52,52,52,52,52,52,52,52,52,52,52,52,52,52
52,52,52,52,52,52,52,52,52,52,52,52,52,52,52,52
52,52,52,52,52,52,52,52,52,52,52,52,52,52,52,52
52,52,52,52,52,52,52,52,52,52,52,52,52,52,52,52
52,52,52,52,52,52,52,52,52,52,52,52,52,52,52,52
52,52,52,52,52,52,52,52,52,52,52,52,52,52,52,52
52,52,52,52,52,52,52,52,52,52,52,52,52,52,52,52
52,52,52,52,52,52,52,52,52,52,52,52,52,52,52,52
52,52,52,52,52,52,52,52,52,52,52,52,52,52,52,52
52,52,52,52,52,52,52,52,52,52,52,52,52,52,52,52
52,52,52,52,52,52,52,52,52,52,52,52,52,52,52,52
52,52,52,52,52,52,52,52,52,52,52,52,52,52,52,52
52,52,52,52,52,52,52,52,52,52,52,52,52,52,52,52

"CHUNK 4096,2560"
52,52,52,52,52,52,52,52,52,52,52,52,52,52,52,52
52,52,52,52,52,52,52,52,52,52,52,52,52,52,52,52
52,52,52,52,52,52,52,52,52,52,52,52,52,52,52,52
52,52,52,52,52,52,52,52,52,52,52,52,52,52,52,52
52,52,52,52,52,52,52,52,52,52,52,52,52,52,52,52
52,52,52,52,52,52,52,52,52,52,52,52,52,52,52,52
52,52,52,52,52,52,52,52,52,52,52,52,52,52,52,52
52,52,52,52,52,52,52,52,52,52,52,52,52,52,52,52
52,52,52,52,52,52,52,52,52,52,52,52,52,52,52,52
52,52,52,52,52,52,52,52,52,52,52,52,52,52,52,52
52,52,52,52,52,52,52,52,52,52,52,52,52,52,52,52
52,52,52,52,52,52,52,52,52,52,52,52,52,52,52,52
52,52,52,52,52,52,52,52,52,52,52,52,52,52,52,52
52,52,52,52,52,52,52,52,52,52,52,52,52,52,52,52
52,52,52,52,52,52,52,52,52,52,52,52,52,52,52,52
52,52,52,52,52,52,52,52,52,52,52,52,52,52,52,52

"CHUNK 4352,2560"
52,52,52,52,52,52,52,52,52,52,52,52,52,52,52,52
52,52,52,52,52,52,52,52,52,52,52,52,52,52,52,52
52,52,52,52,52,52,52,52,52,52,52,52,52,52,52,52
52,52,52,52,52,52,52,52,52,52,52,52,52,52,52,52
52,52,52,52,52,52,52,52,52,52,52,52,52,52,52,52
52,52,52,52,52,52,52,52,52,52,52,52,52,52,52,52
52,52,52,52,52,52,52,52,52,52,52,52,52,52,52,52
52,52,52,52,52,52,52,52,52,52,52,52,52,52,52,52
52,52,52,52,52,52,52,52,52,52,52,52,52,52,52,52
52,52,52,52,52,52,52,52,52,52,52,52,52,52,52,52
52,52,52,52,52,52,52,52,52,52,52,52,52,52,52,52
52,52,52,52,52,52,52,52,52,52,52,52,52,52,52,52
52,52,52,52,52,52,52,52,52,52,52,52,52,52,52,52
52,52,52,52,52,52,52,52,52,52,52,52,52,52,52,52
52,52,52,52,52,52,52,52,52,52,52,52,52,52,52,52
52,52,52,52,52,52,52,52,52,52,52,52,52,52,52,52

"CHUNK 4608,2560"
52,52,52,52,52,52,52,52,52,52,52,52,52,52,52,52
52,52,52,52,52,52,52,52,52,52,52,52,52,52,52,52
52,52,52,52,52,52,52,52,52,52,52,52,52,52,52,52
52,52,52,52,52,52,52,52,52,52,52,52,52,52,52,52
52,52,52,52,52,52,52,52,52,52,52,52,52,52,52,52
52,52,52,52,52,52,52,52,52,52,52,52,52,52,52,52
52,52,52,52,52,52,52,52,52,52,52,52,52,52,52,52
52,52,52,52,52,52,52,52,52,52,52,52,52,52,52,52
52,52,52,52,52,52,52,52,52,52,52,52,52,52,52,52
52,52,52,52,52,52,52,52,52,52,52,52,52,52,52,52
52,52,52,52,52,52,52,52,52,52,52,52,52,52,52,52
52,52,52,52,52,52,52,52,52,52,52,52,52,52,52,52
52,52,52,52,52,52,52,52,52,52,52,52,52,52,52,52
52,52,52,52,52,52,52,52,52,52,52,52,52,52,52,52
52,52,52,52,52,52,52,52,52,52,52,52,52,52,52,52
52,52,52,52,52,52,52,52,52,52,52,52,52,52,52,52

"CHUNK 4864,2560"
52,52,52,52,52,52,52,52,52,52,52,52,52,52,52,52
52,52,52,52,52,52,52,52,52,52,52,52,52,52,52,52
52,52,52,52,52,52,52,52,52,52,52,52,52,52,52,52
52,52,52,52,52,52,52,52,52,52,52,52,52,52,52,52
52,52,52,52,52,52,52,52,52,52,52,52,52,52,52,52
52,52,52,52,52,52,52,52,52,52,52,52,52,52,52,52
52,52,52,52,52,52,52,52,52,52,52,52,52,52,52,52
52,52,52,52,52,52,52,52,52,52,52,52,52,52,52,52
52,52,52,52,52,52,52,52,52,52,52,52,52,52,52,52
52,52,52,52,52,52,52,52,52,52,52,52,52,52,52,52
52,52,52,52,52,52,52,52,52,52,52,52,52,52,52,52
52,52,52,52,52,52,52,52,52,52,52,52,52,52,52,52
52,52,52,52,52,52,52,52,52,52,52,52,52,52,52,52
52,52,52,52,52,52,52,52,52,52,52,52,52,52,52,52
52,52,52,52,52,52,52,52,52,52,52,52,52,52,52,52
52,52,52,52,52,52,52,52,52,52,52,52,52,52,52,52

"CHUNK 0,2816"
52,52,52,52,52,53,53,53,53,53,53,53,53,53,53,53
52,52,52,52,52,53,53,53,53,53,53,53,53,53,53,53
52,52,52,52,52,53,53,53,53,53,53,53,53,53,53,53
52,52,52,52,52,53,53,53,53,53,53,53,53,53,53,53
52,52,52,52,52,53,53,53,53,53,53,53,53,53,53,53
52,52,52,52,52,53,53,53,53,53,53,53,53,53,53,53
52,52,52,52,52,53,53,53,53,53,53,53,53,53,53,53
52,52,52,52,52,53,53,53,53,53,53,53,53,53,53,53
52,52,52,52,52,53,53,53,53,53,53,53,53,53,53,53
52,52,52,52,52,53,53,53,53,53,53,53,53,53,53,53
52,52,52,52,52,53,53,53,53,53,53,53,53,53,53,53
52,52,52,52,52,53,53,53,53,53,53,53,53,53,53,53
52,52,52,52,52,53,53,53,53,53,53,53,53,53,53,53
52,52,52,52,52,52,52,52,52,52,52,52,52,52,52,52
52,52,52,52,52,52,52,52,52,52,52,52,52,52,52,52
52,52,52,52,52,52,52,52,52,52,52,52,52,52,52,52

"CHUNK 256,2816"
53,53,52,52,52,52,52,52,52,52,52,52,52,52,52,53
53,53,52,52,52,52,52,52,52,52,52,52,52,52,52,53
53,53,52,52,52,52,52,52,52,52,52,52,52,52,52,53
53,53,52,52,52,52,52,52,52,52,52,52,52,52,52,53
53,53,52,52,52,52,52,52,52,52,52,52,52,52,52,53
53,53,52,52,52,52,52,52,52,52,52,52,52,52,52,53
53,53,52,52,52,52,52,52,52,52,52,52,52,52,52,53
53,53,52,52,52,52,52,52,52,52,52,52,52,52,52,53
53,53,52,52,52,52,52,52,52,52,52,52,52,52,52,53
53,53,52,52,52,52,52,52,52,52,52,52,52,52,52,53
53,53,52,52,52,52,52,52,52,52,52,52,52,52,52,53
53,53,52,52,52,52,52,52,52,52,52,52,52,52,52,53
53,53,52,52,52,52,52,52,52,52,52,52,52,52,52,52
52,52,52,52,52,52,52,52,52,52,52,52,52,52,52,52
52,52,52,52,52,52,52,52,52,52,52,52,52,52,52,52
52,52,52,52,52,52,52,52,52,52,52,52,52,52,52,52

"CHUNK 512,2816"
53,53,53,53,53,53,53,53,53,53,53,53,52,52,52,52
53,53,53,53,53,53,53,53,53,53,53,53,52,52,52,52
53,53,53,53,53,53,53,53,53,53,53,53,52,52,52,52
53,53,53,53,53,53,53,53,53,53,53,53,52,52,52,52
53,53,53,53,53,53,53,53,53,53,53,53,52,52,52,52
53,53,53,53,53,53,53,53,53,53,53,53,52,52,52,52
53,53,53,53,53,53,53,53,53,53,53,53,52,52,52,52
53,53,53,53,53,53,53,53,53,53,53,53,52,52,52,52
53,53,53,53,53,53,53,53,53,53,53,53,52,52,52,52
53,53,53,53,53,53,53,53,53,53,53,53,52,52,52,52
53,53,53,53,53,53,53,53,53,53,53,53,52,52,52,52
53,53,53,53,53,53,53,53,53,53,53,53,52,52,52,52
52,52,52,52,52,52,52,52,52,52,52,52,52,52,52,52
52,52,52,52,52,52,52,52,52,52,52,52,52,52,52,52
52,52,52,52,52,52,52,52,52,52,52,52,52,52,52,52
52,52,52,52,52,52,52,52,52,52,52,52,52,52,52,52

"CHUNK 768,2816"
52,52,52,52,52,52,52,52,52,53,53,53,53,53,53,53
52,52,52,52,52,52,52,52,52,53,53,53,53,53,53,53
52,52,52,52,52,52,52,52,52,53,53,53,53,53,53,53
52,52,52,52,52,52,52,52,52,53,53,53,53,53,53,53
52,52,52,52,52,52,52,52,52,53,53,53,53,53,53,53
52,52,52,52,52,52,52,52,52,53,53,53,53,53,53,53
52,52,52,52,52,52,52,52,52,53,53,53,53,53,53,53
52,52,52,52,52,52,52,52,52,53,53,53,53,53,53,53
52,52,52,52,52,52,52,52,52,53,53,53,53,53,53,53
52,52,52,52,52,52,52,52,52,53,53,53,53,53,53,53
52,52,52,52,52,52,52,52,52,52,52,52,52,52,52,52
52,52,52,52,52,52,52,52,52,52,52,52,52,52,52,52
52,52,52,52,52,52,52,52,52,52,52,52,52,52,52,52
52,52,52,52,52,52,52,52,52,52,52,52,52,52,52,52
52,52,52,52,52,52,52,52,52,52,52,52,52,52,52,52
52,52,52,52,52,52,52,52,52,52,52,52,52,52,52,52

"CHUNK 1024,2816"
53,53,53,53,53,53,53,53,53,53,52,52,52,52,52,52
53,53,53,53,53,53,53,53,53,53,52,52,52,52,52,52
53,53,53,53,53,53,53,53,53,53,52,52,52,52,52,52
53,53,53,53,53,53,53,53,53,53,52,52,52,52,52,52
53,53,53,53,53,53,53,53,53,53,52,52,52,52,52,52
53,53,53,53,53,53,53,53,53,53,52,52,52,52,52,52
53,53,53,53,53,53,53,53,53,53,52,52,52,52,52,52
53,53,53,53,53,53,53,53,53,53,52,52,52,52,52,52
53,53,53,53,53,53,53,53,53,53,52,52,52,52,52,52
53,53,53,53,53,53,53,53,53,53,52,52,52,52,52,52
52,52,52,52,52,52,52,52,52,52,52,52,52,52,52,52
52,52,52,52,52,52,52,52,52,52,52,52,52,52,52,52
52,52,52,52,52,52,52,52,52,52,52,52,52,52,52,52
52,52,52,52,52,52,52,52,52,52,52,52,52,52,52,52
52,52,52,52,52,52,52,52,52,52,52,52,52,52,52,52
52,52,52,52,52,52,52,52,52,52,52,52,52,52,52,52

"CHUNK 1280,2816"
52,52,52,52,52,52,52,52,52,52,52,53,53,53,53,53
52,52,52,52,52,52,52,52,52,52,52,53,53,53,53,53
52,52,52,52,52,52,52,52,52,52,52,53,53,53,53,53
52,52,52,52,52,52,52,52,52,52,52,53,53,53,53,53
52,52,52,52,52,52,52,52,52,52,52,53,53,53,53,53
52,52,52,52,52,52,52,52,52,52,52,53,53,53,53,53
52,52,52,52,52,52,52,52,52,52,52,53,53,53,53,53
52,52,52,52,52,52,52,52,52,52,52,53,53,53,53,53
52,52,52,52,52,52,52,52,52,52,52,53,53,53,53,53
52,52,52,52,52,52,52,52,52,52,52,52,52,52,52,52
52,52,52,52,52,52,52,52,52,52,52,52,52,52,52,52
52,52,52,52,52,52,52,52,52,52,52,52,52,52,52,52
52,52,52,52,52,52,52,52,52,52,52,52,52,52,52,52
52,52,52,52,52,52,52,52,52,52,52,52,52,52,52,52
52,52,52,52,52,52,52,52,52,52,52,52,52,52,52,52
52,52,52,52,52,52,52,52,52,52,52,52,52,52,52,52

"CHUNK 1536,2816"
53,53,53,53,53,53,53,53,53,53,53,53,53,53,53,53
53,53,53,53,53,53,53,53,53,53,53,53,53,53,53,53
53,53,53,53,53,53,53,53,53,53,53,53,53,53,53,53
53,53,53,53,53,53,53,53,53,53,53,53,53,53,53,53
53,53,53,53,53,53,53,53,53,53,53,53,53,53,53,53
53,53,53,53,53,53,53,53,53,53,53,53,53,53,53,53
53,53,53,53,53,53,53,53,53,53,53,53,53,53,53,53
53,53,53,53,53,53,53,53,53,53,53,53,53,53,53,53
53,53,53,53,53,53,53,53,53,53,53,53,53,53,53,53
52,52,52,52,52,52,52,52,52,52,52,52,52,52,52,52
52,52,52,52,52,52,52,52,52,52,52,52,52,52,52,52
52,52,52,52,52,52,52,52,52,52,52,52,52,52,52,52
52,52,52,52,52,52,52,52,52,52,52,52,52,52,52,52
52,52,52,52,52,52,52,52,52,52,52,52,52,52,52,52
52,52,52,52,52,52,52,52,52,52,52,52,52,52,52,52
52,52,52,52,52,52,52,52,52,52,52,52,52,52,52,52

"CHUNK 1792,2816"
53,53,53,53,53,52,52,52,52,52,52,52,52,52,52,52
53,53,53,53,53,52,52,52,52,52,52,52,52,52,52,52
53,53,53,53,53,52,52,52,52,52,52,52,52,52,52,52
53,53,53,53,53,52,52,52,52,52,52,52,52,52,52,52
53,53,53,53,53,52,52,52,52,52,52,52,52,52,52,52
53,53,53,53,53,52,52,52,52,52,52,52,52,52,52,52
53,53,53,53,53,52,52,52,52,52,52,52,52,52,52,52
53,53,53,53,53,52,52,52,52,52,52,52,52,52,52,52
53,53,53,53,53,52,52,52,52,52,52,52,52,52,52,52
52,52,52,52,52,52,52,52,52,52,52,52,52,52,52,52
52,52,52,52,52,52,52,52,52,52,52,52,52,52,52,52
52,52,52,52,52,52,52,52,52,52,52,52,52,52,52,52
52,52,52,52,52,52,52,52,52,52,52,52,52,52,52,52
52,52,52,52,52,52,52,52,52,52,52,52,52,52,52,52
52,52,52,52,52,52,52,52,52,52,52,52,52,52,52,52
52,52,52,52,52,52,52,52,52,52,52,52,52,52,52,52

"CHUNK 2048,2816"
53,53,53,53,53,53,53,53,53,53,53,53,53,53,53,53
53,53,53,53,53,53,53,53,53,53,53,53,53,53,53,53
53,53,53,53,53,53,53,53,53,53,53,53,53,53,53,53
53,53,53,53,53,53,53,53,53,53,53,53,53,53,53,53
53,53,53,53,53,53,53,53,53,53,53,53,53,53,53,53
53,53,53,53,53,53,53,53,53,53,53,53,53,53,53,53
53,53,53,53,53,53,53,53,53,53,53,53,53,53,53,53
53,53,53,53,53,53,53,53,53,53,53,53,53,53,53,53
52,52,52,52,52,52,52,52,52,52,52,52,52,52,52,52
52,52,52,52,52,52,52,52,52,52,52,52,52,52,52,52
52,52,52,52,52,52,52,52,52,52,52,52,52,52,52,52
52,52,52,52,52,52,52,52,52,52,52,52,52,52,52,52
52,52,52,52,52,52,52,52,52,52,52,52,52,52,52,52
52,52,52,52,52,52,52,52,52,52,52,52,52,52,52,52
52,52,52,52,52,52,52,52,52,52,52,52,52,52,52,52
52,52,52,52,52,52,52,52,52,52,52,52,52,52,52,52

"CHUNK 2304,2816"
53,53,53,53,53,53,53,53,53,53,53,53,53,53,53,52
53,53,53,53,53,53,53,53,53,53,53,53,53,53,53,52
53,53,53,53,53,53,53,53,53,53,53,53,53,53,53,52
53,53,53,53,53,53,53,53,53,53,53,53,53,53,53,52
53,53,53,53,53,53,53,53,53,53,53,53,53,53,53,52
53,53,53,53,53,53,53,53,53,53,53,53,53,53,53,52
53,53,53,53,53,53,53,53,53,53,53,53,53,53,53,52
53,53,53,53,53,53,53,53,53,53,53,53,53,53,53,52
52,52,52,52,52,52,52,52,52,52,52,52,52,52,52,52
52,52,52,52,52,52,52,52,52,52,52,52,52,52,52,52
52,52,52,52,52,52,52,52,52,52,52,52,52,52,52,52
52,52,52,52,52,52,52,52,52,52,52,52,52,52,52,52
52,52,52,52,52,52,52,52,52,52,52,52,52,52,52,52
52,52,52,52,52,52,52,52,52,52,52,52,52,52,52,52
52,52,52,52,52,52,52,52,52,52,52,52,52,52,52,52
52,52,52,52,52,52,52,52,52,52,52,52,52,52,52,52

"CHUNK 2560,2816"
52,52,52,52,52,52,52,52,52,52,52,52,52,52,52,52
52,52,52,52,52,52,52,52,52,52,52,52,52,52,52,52
52,52,52,52,52,52,52,52,52,52,52,52,52,52,52,52
52,52,52,52,52,52,52,52,52,52,52,52,52,52,52,52
52,52,52,52,52,52,52,52,52,52,52,52,52,52,52,52
52,52,52,52,52,52,52,52,52,52,52,52,52,52,52,52
52,52,52,52,52,52,52,52,52,52,52,52,52,52,52,52
52,52,52,52,52,52,52,52,52,52,52,52,52,52,52,52
52,52,52,52,52,52,52,52,52,52,52,52,52,52,52,52
52,52,52,52,52,52,52,52,52,52,52,52,52,52,52,52
52,52,52,52,52,52,52,52,52,52,52,52,52,52,52,52
52,52,52,52,52,52,52,52,52,52,52,52,52,52,52,52
52,52,52,52,52,52,52,52,52,52,52,52,52,52,52,52
52,52,52,52,52,52,52,52,52,52,52,52,52,52,52,52
52,52,52,52,52,52,52,52,52,52,52,52,52,52,52,52
52,52,52,52,52,52,52,52,52,52,52,52,52,52,52,52

"CHUNK 2816,2816"
52,53,53,53,53,53,53,53,53,53,53,53,53,53,53,53
52,53,53,53,53,53,53,53,53,53,53,53,53,53,53,53
52,53,53,53,53,53,53,53,53,53,53,53,53,53,53,53
52,53,53,53,53,53,53,53,53,53,53,53,53,53,53,53
52,53,53,53,53,53,53,53,53,53,53,53,53,53,53,53
52,53,53,53,53,53,53,53,53,53,53,53,53,53,53,53
52,53,53,53,53,53,53,53,53,53,53,53,53,53,53,53
52,52,52,52,52,52,52,52,52,52,52,52,52,52,52,52
52,52,52,52,52,52,52,52,52,52,52,52,52,52,52,52
52,52,52,52,52,52,52,52,52,52,52,52,52,52,52,52
52,52,52,52,52,52,52,52,52,52,52,52,52,52,52,52
52,52,52,52,52,52,52,52,52,52,52,52,52,52,52,52
52,52,52,52,52,52,52,52,52,52,52,52,52,52,52,52
52,52,52,52,52,52,52,52,52,52,52,52,52,52,52,52
52,52,52,52,52,52,52,52,52,52,52,52,52,52,52,52
52,52,52,52,52,52,52,52,52,52,52,52,52,52,52,52

"CHUNK 3072,2816"
53,53,53,53,53,53,53,53,53,53,53,53,53,53,53,53
53,53,53,53,53,53,53,53,53,53,53,53,53,53,53,53
53,53,53,53,53,53,53,53,53,53,53,53,53,53,53,53
53,53,53,53,53,53,53,53,53,53,53,53,53,53,53,53
53,53,53,53,53,53,53,53,53,53,53,53,53,53,53,53
53,53,53,53,53,53,53,53,53,53,53,53,53,53,53,53
53,53,53,53,53,53,53,53,53,53,53,53,53,53,53,53
52,52,52,52,52,52,52,52,52,52,52,52,52,52,52,52
52,52,52,52,52,52,52,52,52,52,52,52,52,52,52,52
52,52,52,52,52,52,52,52,52,52,52,52,52,52,52,52
52,52,52,52,52,52,52,52,52,52,52,52,52,52,52,52
52,52,52,52,52,52,52,52,52,52,52,52,52,52,52,52
52,52,52,52,52,52,52,52,52,52,52,52,52,52,52,52
52,52,52,52,52,52,52,52,52,52,52,52,52,52,52,52
52,52,52,52,52,52,52,52,52,52,52,52,52,52,52,52
52,52,52,52,52,52,52,52,52,52,52,52,52,52,52,52

"CHUNK 3328,2816"
53,53,53,53,53,53,53,53,53,53,53,53,53,53,53,53
53,53,53,53,53,53,53,53,53,53,53,53,53,53,53,53
53,53,53,53,53,53,53,53,53,53,53,53,53,53,53,53
53,53,53,53,53,53,53,53,53,53,53,53,53,53,53,53
53,53,53,53,53,53,53,53,53,53,53,53,53,53,53,53
53,53,53,53,53,53,53,53,53,53,53,53,53,53,53,53
53,53,53,53,53,53,53,53,53,53,53,53,53,53,53,53
52,52,52,52,52,52,52,52,52,52,52,52,52,52,52,52
52,52,52,52,52,52,52,52,52,52,52,52,52,52,52,52
52,52,52,52,52,52,52,52,52,52,52,52,52,52,52,52
52,52,52,52,52,52,52,52,52,52,52,52,52,52,52,52
52,52,52,52,52,52,52,52,52,52,52,52,52,52,52,52
52,52,52,52,52,52,52,52,52,52,52,52,52,52,52,52
52,52,52,52,52,52,52,52,52,52,52,52,52,52,52,52
52,52,52,52,52,52,52,52,52,52,52,52,52,52,52,52
52,52,52,52,52,52,52,52,52,52,52,52,52,52,52,52

"CHUNK 3584,2816"
53,53,53,53,53,53,53,52,52,52,52,52,52,52,52,52
53,53,53,53,53,53,53,52,52,52,52,52,52,52,52,52
53,53,53,53,53,53,53,52,52,52,52,52,52,52,52,52
53,53,53,53,53,53,53,52,52,52,52,52,52,52,52,52
53,53,53,53,53,53,53,52,52,52,52,52,52,52,52,52
53,53,53,53,53,53,53,52,52,52,52,52,52,52,52,52
53,53,53,53,53,53,53,52,52,52,52,52,52,52,52,52
52,52,52,52,52,52,52,52,52,52,52,52,52,52,52,52
52,52,52,52,52,52,52,52,52,52,52,52,52,52,52,52
52,52,52,52,52,52,52,52,52,52,52,52,52,52,52,52
52,52,52,52,52,52,52,52,52,52,52,52,52,52,52,52
52,52,52,52,52,52,52,52,52,52,52,52,52,52,52,52
52,52,52,52,52,52,52,52,52,52,52,52,52,52,52,52
52,52,52,52,52,52,52,52,52,52,52,52,52,52,52,52
52,52,52,52,52,52,52,52,52,52,52,52,52,52,52,52
52,52,52,52,52,52,52,52,52,52,52,52,52,52,52,52

"CHUNK 3840,2816"
52,52,52,52,52,52,52,52,52,52,52,52,52,52,52,52
52,52,52,52,52,52,52,52,52,52,52,52,52,52,52,52
52,52,52,52,52,52,52,52,52,52,52,52,52,52,52,52
52,52,52,52,52,52,52,52,52,52,52,52,52,52,52,52
52,52,52,52,52,52,52,52,52,52,52,52,52,52,52,52
52,52,52,52,52,52,52,52,52,52,52,52,52,52,52,52
52,52,52,52,52,52,52,52,52,52,52,52,52,52,52,52
52,52,52,52,52,52,52,52,52,52,52,52,52,52,52,52
52,52,52,52,52,52,52,52,52,52,52,52,52,52,52,52
52,52,52,52,52,52,52,52,52,52,52,52,52,52,52,52
52,52,52,52,52,52,52,52,52,52,52,52,52,52,52,52
52,52,52,52,52,52,52,52,52,52,52,52,52,52,52,52
52,52,52,52,52,52,52,52,52,52,52,52,52,52,52,52
52,52,52,52,52,52,52,52,52,52,52,52,52,52,52,52
52,52,52,52,52,52,52,52,52,52,52,52,52,52,52,52
52,52,52,52,52,52,52,52,52,52,52,52,52,52,52,52

"CHUNK 4096,2816"
52,52,52,52,52,52,52,52,52,52,52,52,52,52,52,52
52,52,52,52,52,52,52,52,52,52,52,52,52,52,52,52
52,52,52,52,52,52,52,52,52,52,52,52,52,52,52,52
52,52,52,52,52,52,52,52,52,52,52,52,52,52,52,52
52,52,52,52,52,52,52,52,52,52,52,52,52,52,52,52
52,52,52,52,52,52,52,52,52,52,52,52,52,52,52,52
52,52,52,52,52,52,52,52,52,52,52,52,52,52,52,52
52,52,52,52,52,52,52,52,52,52,52,52,52,52,52,52
52,52,52,52,52,52,52,52,52,52,52,52,52,52,52,52
52,52,52,52,52,52,52,52,52,52,52,52,52,52,52,52
52,52,52,52,52,52,52,52,52,52,52,52,52,52,52,52
52,52,52,52,52,52,52,52,52,52,52,52,52,52,52,52
52,52,52,52,52,52,52,52,52,52,52,52,52,52,52,52
52,52,52,52,52,52,52,52,52,52,52,52,52,52,52,52
52,52,52,52,52,52,52,52,52,52,52,52,52,52,52,52
52,52,52,52,52,52,52,52,52,52,52,52,52,52,52,52

"CHUNK 4352,2816"
52,52,52,52,52,52,52,52,52,52,52,52,52,52,52,52
52,52,52,52,52,52,52,52,52,52,52,52,52,52,52,52
52,52,52,52,52,52,52,52,52,52,52,52,52,52,52,52
52,52,52,52,52,52,52,52,52,52,52,52,52,52,52,52
52,52,52,52,52,52,52,52,52,52,52,52,52,52,52,52
52,52,52,52,52,52,52,52,52,52,52,52,52,52,52,52
52,52,52,52,52,52,52,52,52,52,52,52,52,52,52,52
52,52,52,52,52,52,52,52,52,52,52,52,52,52,52,52
52,52,52,52,52,52,52,52,52,52,52,52,52,52,52,52
52,52,52,52,52,52,52,52,52,52,52,52,52,52,52,52
52,52,52,52,52,52,52,52,52,52,52,52,52,52,52,52
52,52,52,52,52,52,52,52,52,52,52,52,52,52,52,52
52,52,52,52,52,52,52,52,52,52,52,52,52,52,52,52
52,52,52,52,52,52,52,52,52,52,52,52,52,52,52,52
52,52,52,52,52,52,52,52,52,52,52,52,52,52,52,52
52,52,52,52,52,52,52,52,52,52,52,52,52,52,52,52

"CHUNK 4608,2816"
52,52,52,52,52,52,52,52,52,52,52,52,52,52,52,52
52,52,52,52,52,52,52,52,52,52,52,52,52,52,52,52
52,52,52,52,52,52,52,52,52,52,52,52,52,52,52,52
52,52,52,52,52,52,52,52,52,52,52,52,52,52,52,52
52,52,52,52,52,52,52,52,52,52,52,52,52,52,52,52
52,52,52,52,52,52,52,52,52,52,52,52,52,52,52,52
52,52,52,52,52,52,52,52,52,52,52,52,52,52,52,52
52,52,52,52,52,52,52,52,52,52,52,52,52,52,52,52
52,52,52,52,52,52,52,52,52,52,52,52,52,52,52,52
52,52,52,52,52,52,52,52,52,52,52,52,52,52,52,52
52,52,52,52,52,52,52,52,52,52,52,52,52,52,52,52
52,52,52,52,52,52,52,52,52,52,52,52,52,52,52,52
52,52,52,52,52,52,52,52,52,52,52,52,52,52,52,52
52,52,52,52,52,52,52,52,52,52,52,52,52,52,52,52
52,52,52,52,52,52,52,52,52,52,52,52,52,52,52,52
52,52,52,52,52,52,52,52,52,52,52,52,52,52,52,52

"CHUNK 4864,2816"
52,52,52,52,52,52,52,52,52,52,52,52,52,52,52,52
52,52,52,52,52,52,52,52,52,52,52,52,52,52,52,52
52,52,52,52,52,52,52,52,52,52,52,52,52,52,52,52
52,52,52,52,52,52,52,52,52,52,52,52,52,52,52,52
52,52,52,52,52,52,52,52,52,52,52,52,52,52,52,52
52,52,52,52,52,52,52,52,52,52,52,52,52,52,52,52
52,52,52,52,52,52,52,52,52,52,52,52,52,52,52,52
52,52,52,52,52,52,52,52,52,52,52,52,52,52,52,52
52,52,52,52,52,52,52,52,52,52,52,52,52,52,52,52
52,52,52,52,52,52,52,52,52,52,52,52,52,52,52,52
52,52,52,52,52,52,52,52,52,52,52,52,52,52,52,52
52,52,52,52,52,52,52,52,52,52,52,52,52,52,52,52
52,52,52,52,52,52,52,52,52,52,52,52,52,52,52,52
52,52,52,52,52,52,52,52,52,52,52,52,52,52,52,52
52,52,52,52,52,52,52,52,52,52,52,52,52,52,52,52
52,52,52,52,52,52,52,52,52,52,52,52,52,52,52,52

